Тип_документа;Документ;Описание_документа;Ду;D1;D2;D3;D4;D5;h1;h2;h3;d;n;Наименование_фланца
ГОСТ;ГОСТ 12820-80 Ру 0,1 и 0,25 МПа;Фланцы стальные плоские приварные;10;15;15;75;35;50;0;8;2;11;4;Фланец 1-10-2,5 ст. 20 ГОСТ 12820-80
ГОСТ;ГОСТ 12820-80 Ру 0,1 и 0,25 МПа;Фланцы стальные плоские приварные;15;19;19;80;40;55;0;8;2;11;4;Фланец 1-15-2,5 ст. 20 ГОСТ 12820-80
ГОСТ;ГОСТ 12820-80 Ру 0,1 и 0,25 МПа;Фланцы стальные плоские приварные;20;26;26;90;50;65;0;10;2;11;4;Фланец 1-20-2,5 ст. 20 ГОСТ 12820-80
ГОСТ;ГОСТ 12820-80 Ру 0,1 и 0,25 МПа;Фланцы стальные плоские приварные;25;33;33;100;60;75;0;10;2;11;4;Фланец 1-25-2,5 ст. 20 ГОСТ 12820-80
ГОСТ;ГОСТ 12820-80 Ру 0,1 и 0,25 МПа;Фланцы стальные плоские приварные;32;39;39;120;70;90;0;10;2;14;4;Фланец 1-32-2,5 ст. 20 ГОСТ 12820-80
ГОСТ;ГОСТ 12820-80 Ру 0,1 и 0,25 МПа;Фланцы стальные плоские приварные;40;46;46;130;80;100;0;10;3;14;4;Фланец 1-40-2,5 ст. 20 ГОСТ 12820-80
ГОСТ;ГОСТ 12820-80 Ру 0,1 и 0,25 МПа;Фланцы стальные плоские приварные;50;59;59;140;90;110;0;10;3;14;4;Фланец 1-50-2,5 ст. 20 ГОСТ 12820-80
ГОСТ;ГОСТ 12820-80 Ру 0,1 и 0,25 МПа;Фланцы стальные плоские приварные;65;78;78;160;110;130;0;11;3;14;4;Фланец 1-65-2,5 ст. 20 ГОСТ 12820-80
ГОСТ;ГОСТ 12820-80 Ру 0,1 и 0,25 МПа;Фланцы стальные плоские приварные;80;91;91;185;128;150;0;11;3;18;4;Фланец 1-80-2,5 ст. 20 ГОСТ 12820-80
ГОСТ;ГОСТ 12820-80 Ру 0,1 и 0,25 МПа;Фланцы стальные плоские приварные;100(110);110;110;205;148;170;0;11;3;18;4;Фланец 1-100(110)-2,5 ст. 20 ГОСТ 12820-80
ГОСТ;ГОСТ 12820-80 Ру 0,1 и 0,25 МПа;Фланцы стальные плоские приварные;100(116);116;116;205;148;170;0;11;3;18;4;Фланец 1-100(116)-2,5 ст. 20 ГОСТ 12820-80
ГОСТ;ГОСТ 12820-80 Ру 0,1 и 0,25 МПа;Фланцы стальные плоские приварные;125(135);135;135;235;178;200;0;13;3;18;8;Фланец 1-125(135)-2,5 ст. 20 ГОСТ 12820-80
ГОСТ;ГОСТ 12820-80 Ру 0,1 и 0,25 МПа;Фланцы стальные плоские приварные;125(142);142;142;235;178;200;0;13;3;18;8;Фланец 1-125(142)-2,5 ст. 20 ГОСТ 12820-80
ГОСТ;ГОСТ 12820-80 Ру 0,1 и 0,25 МПа;Фланцы стальные плоские приварные;150(154);154;154;260;202;225;0;13;3;18;8;Фланец 1-150(154)-2,5 ст. 20 ГОСТ 12820-80
ГОСТ;ГОСТ 12820-80 Ру 0,1 и 0,25 МПа;Фланцы стальные плоские приварные;150(161);161;161;260;202;225;0;13;3;18;8;Фланец 1-150(161)-2,5 ст. 20 ГОСТ 12820-80
ГОСТ;ГОСТ 12820-80 Ру 0,1 и 0,25 МПа;Фланцы стальные плоские приварные;150(170);170;170;260;202;225;0;13;3;18;8;Фланец 1-150(170)-2,5 ст. 20 ГОСТ 12820-80
ГОСТ;ГОСТ 12820-80 Ру 0,1 и 0,25 МПа;Фланцы стальные плоские приварные;(175);196;196;290;232;255;0;13;3;18;8;Фланец 1-(175)-2,5 ст. 20 ГОСТ 12820-80
ГОСТ;ГОСТ 12820-80 Ру 0,1 и 0,25 МПа;Фланцы стальные плоские приварные;200;222;222;315;258;280;0;15;3;18;8;Фланец 1-200-2,5 ст. 20 ГОСТ 12820-80
ГОСТ;ГОСТ 12820-80 Ру 0,1 и 0,25 МПа;Фланцы стальные плоские приварные;(225);245;245;340;282;305;0;17;3;18;8;Фланец 1-(225)-2,5 ст. 20 ГОСТ 12820-80
ГОСТ;ГОСТ 12820-80 Ру 0,1 и 0,25 МПа;Фланцы стальные плоские приварные;250;273;273;370;312;335;0;18;3;18;12;Фланец 1-250-2,5 ст. 20 ГОСТ 12820-80
ГОСТ;ГОСТ 12820-80 Ру 0,1 и 0,25 МПа;Фланцы стальные плоские приварные;300;325;325;435;365;395;0;18;4;22;12;Фланец 1-300-2,5 ст. 20 ГОСТ 12820-80
ГОСТ;ГОСТ 12820-80 Ру 0,1 и 0,25 МПа;Фланцы стальные плоские приварные;350;377;377;485;415;445;0;18;4;22;12;Фланец 1-350-2,5 ст. 20 ГОСТ 12820-80
ГОСТ;ГОСТ 12820-80 Ру 0,1 и 0,25 МПа;Фланцы стальные плоские приварные;400;426;426;535;465;495;0;18;4;22;16;Фланец 1-400-2,5 ст. 20 ГОСТ 12820-80
ГОСТ;ГОСТ 12820-80 Ру 0,1 и 0,25 МПа;Фланцы стальные плоские приварные;(450);480;480;590;520;550;0;20;4;22;16;Фланец 1-(450)-2,5 ст. 20 ГОСТ 12820-80
ГОСТ;ГОСТ 12820-80 Ру 0,1 и 0,25 МПа;Фланцы стальные плоские приварные;500;530;530;640;570;600;0;20;4;22;20;Фланец 1-500-2,5 ст. 20 ГОСТ 12820-80
ГОСТ;ГОСТ 12820-80 Ру 0,1 и 0,25 МПа;Фланцы стальные плоские приварные;600;630;630;755;670;705;0;20;5;26;20;Фланец 1-600-2,5 ст. 20 ГОСТ 12820-80
ГОСТ;ГОСТ 12820-80 Ру 0,1 и 0,25 МПа;Фланцы стальные плоские приварные;(700);720;720;860;775;810;0;21;5;26;24;Фланец 1-(700)-2,5 ст. 20 ГОСТ 12820-80
ГОСТ;ГОСТ 12820-80 Ру 0,1 и 0,25 МПа;Фланцы стальные плоские приварные;800;820;820;975;880;920;0;21;5;30;24;Фланец 1-800-2,5 ст. 20 ГОСТ 12820-80
ГОСТ;ГОСТ 12820-80 Ру 0,1 и 0,25 МПа;Фланцы стальные плоские приварные;(900);920;920;1075;980;1020;0;23;5;30;24;Фланец 1-(900)-2,5 ст. 20 ГОСТ 12820-80
ГОСТ;ГОСТ 12820-80 Ру 0,1 и 0,25 МПа;Фланцы стальные плоские приварные;1000;1020;1020;1175;1080;1120;0;25;5;30;28;Фланец 1-1000-2,5 ст. 20 ГОСТ 12820-80
ГОСТ;ГОСТ 12820-80 Ру 0,1 и 0,25 МПа;Фланцы стальные плоские приварные;1200;1220;1220;1375;1280;1320;0;25;5;30;32;Фланец 1-1200-2,5 ст. 20 ГОСТ 12820-80
ГОСТ;ГОСТ 12820-80 Ру 0,1 и 0,25 МПа;Фланцы стальные плоские приварные;1400;1420;1420;1575;1480;1520;0;27;5;30;36;Фланец 1-1400-2,5 ст. 20 ГОСТ 12820-80
ГОСТ;ГОСТ 12820-80 Ру 0,1 и 0,25 МПа;Фланцы стальные плоские приварные;1600;1620;1620;1785;1690;1730;0;27;5;30;40;Фланец 1-1600-2,5 ст. 20 ГОСТ 12820-80
ГОСТ;ГОСТ 12820-80 Ру 0,6 МПа;Фланцы стальные плоские приварные;10;15;15;75;35;50;0;10;2;11;4;Фланец 1-10-6 ст. 20 ГОСТ 12820-80
ГОСТ;ГОСТ 12820-80 Ру 0,6 МПа;Фланцы стальные плоские приварные;15;19;19;80;40;55;0;10;2;11;4;Фланец 1-15-6 ст. 20 ГОСТ 12820-80
ГОСТ;ГОСТ 12820-80 Ру 0,6 МПа;Фланцы стальные плоские приварные;20;26;26;90;50;65;0;12;2;11;4;Фланец 1-20-6 ст. 20 ГОСТ 12820-80
ГОСТ;ГОСТ 12820-80 Ру 0,6 МПа;Фланцы стальные плоские приварные;25;33;33;100;60;75;0;12;2;11;4;Фланец 1-25-6 ст. 20 ГОСТ 12820-80
ГОСТ;ГОСТ 12820-80 Ру 0,6 МПа;Фланцы стальные плоские приварные;32;39;39;120;70;90;0;13;2;14;4;Фланец 1-32-6 ст. 20 ГОСТ 12820-80
ГОСТ;ГОСТ 12820-80 Ру 0,6 МПа;Фланцы стальные плоские приварные;40;46;46;130;80;100;0;13;3;14;4;Фланец 1-40-6 ст. 20 ГОСТ 12820-80
ГОСТ;ГОСТ 12820-80 Ру 0,6 МПа;Фланцы стальные плоские приварные;50;59;59;140;90;110;0;13;3;14;4;Фланец 1-50-6 ст. 20 ГОСТ 12820-80
ГОСТ;ГОСТ 12820-80 Ру 0,6 МПа;Фланцы стальные плоские приварные;65;78;78;160;110;130;0;13;3;14;4;Фланец 1-65-6 ст. 20 ГОСТ 12820-80
ГОСТ;ГОСТ 12820-80 Ру 0,6 МПа;Фланцы стальные плоские приварные;80;91;91;185;128;150;0;15;3;18;4;Фланец 1-80-6 ст. 20 ГОСТ 12820-80
ГОСТ;ГОСТ 12820-80 Ру 0,6 МПа;Фланцы стальные плоские приварные;100(110);110;110;205;148;170;0;15;3;18;4;Фланец 1-100(110)-6 ст. 20 ГОСТ 12820-80
ГОСТ;ГОСТ 12820-80 Ру 0,6 МПа;Фланцы стальные плоские приварные;100(116);116;116;205;148;170;0;15;3;18;4;Фланец 1-100(116)-6 ст. 20 ГОСТ 12820-80
ГОСТ;ГОСТ 12820-80 Ру 0,6 МПа;Фланцы стальные плоские приварные;125(135);135;135;235;178;200;0;17;3;18;8;Фланец 1-125(135)-6 ст. 20 ГОСТ 12820-80
ГОСТ;ГОСТ 12820-80 Ру 0,6 МПа;Фланцы стальные плоские приварные;125(142);142;142;235;178;200;0;17;3;18;8;Фланец 1-125(142)-6 ст. 20 ГОСТ 12820-80
ГОСТ;ГОСТ 12820-80 Ру 0,6 МПа;Фланцы стальные плоские приварные;150(154);154;154;260;202;225;0;17;3;18;8;Фланец 1-150(154)-6 ст. 20 ГОСТ 12820-80
ГОСТ;ГОСТ 12820-80 Ру 0,6 МПа;Фланцы стальные плоские приварные;150(161);161;161;260;202;225;0;17;3;18;8;Фланец 1-150(161)-6 ст. 20 ГОСТ 12820-80
ГОСТ;ГОСТ 12820-80 Ру 0,6 МПа;Фланцы стальные плоские приварные;150(170);170;170;260;202;225;0;17;3;18;8;Фланец 1-150(170)-6 ст. 20 ГОСТ 12820-80
ГОСТ;ГОСТ 12820-80 Ру 0,6 МПа;Фланцы стальные плоские приварные;(175);196;196;290;232;255;0;19;3;18;8;Фланец 1-(175)-6 ст. 20 ГОСТ 12820-80
ГОСТ;ГОСТ 12820-80 Ру 0,6 МПа;Фланцы стальные плоские приварные;200;222;222;315;258;280;0;19;3;18;8;Фланец 1-200-6 ст. 20 ГОСТ 12820-80
ГОСТ;ГОСТ 12820-80 Ру 0,6 МПа;Фланцы стальные плоские приварные;(225);245;245;340;282;305;0;19;3;18;8;Фланец 1-(225)-6 ст. 20 ГОСТ 12820-80
ГОСТ;ГОСТ 12820-80 Ру 0,6 МПа;Фланцы стальные плоские приварные;250;273;273;370;312;335;0;20;3;18;12;Фланец 1-250-6 ст. 20 ГОСТ 12820-80
ГОСТ;ГОСТ 12820-80 Ру 0,6 МПа;Фланцы стальные плоские приварные;300;325;325;435;365;395;0;20;4;22;12;Фланец 1-300-6 ст. 20 ГОСТ 12820-80
ГОСТ;ГОСТ 12820-80 Ру 0,6 МПа;Фланцы стальные плоские приварные;350;377;377;485;415;445;0;22;4;22;12;Фланец 1-350-6 ст. 20 ГОСТ 12820-80
ГОСТ;ГОСТ 12820-80 Ру 0,6 МПа;Фланцы стальные плоские приварные;400;426;426;535;465;495;0;24;4;22;16;Фланец 1-400-6 ст. 20 ГОСТ 12820-80
ГОСТ;ГОСТ 12820-80 Ру 0,6 МПа;Фланцы стальные плоские приварные;(450);480;480;590;520;550;0;24;4;22;16;Фланец 1-(450)-6 ст. 20 ГОСТ 12820-80
ГОСТ;ГОСТ 12820-80 Ру 0,6 МПа;Фланцы стальные плоские приварные;500;530;530;640;570;600;0;25;4;22;20;Фланец 1-500-6 ст. 20 ГОСТ 12820-80
ГОСТ;ГОСТ 12820-80 Ру 0,6 МПа;Фланцы стальные плоские приварные;600;630;630;755;670;705;0;25;5;26;20;Фланец 1-600-6 ст. 20 ГОСТ 12820-80
ГОСТ;ГОСТ 12820-80 Ру 0,6 МПа;Фланцы стальные плоские приварные;(700);720;720;860;775;810;0;27;5;26;24;Фланец 1-(700)-6 ст. 20 ГОСТ 12820-80
ГОСТ;ГОСТ 12820-80 Ру 0,6 МПа;Фланцы стальные плоские приварные;800;820;820;975;880;920;0;27;5;30;24;Фланец 1-800-6 ст. 20 ГОСТ 12820-80
ГОСТ;ГОСТ 12820-80 Ру 0,6 МПа;Фланцы стальные плоские приварные;(900);920;920;1075;980;1020;0;29;5;30;24;Фланец 1-(900)-6 ст. 20 ГОСТ 12820-80
ГОСТ;ГОСТ 12820-80 Ру 0,6 МПа;Фланцы стальные плоские приварные;1000;1020;1020;1175;1080;1120;0;31;5;30;28;Фланец 1-1000-6 ст. 20 ГОСТ 12820-80
ГОСТ;ГОСТ 12820-80 Ру 1,0 МПа;Фланцы стальные плоские приварные;10;15;15;90;42;60;0;10;2;14;4;Фланец 1-10-10 ст. 20 ГОСТ 12820-80
ГОСТ;ГОСТ 12820-80 Ру 1,0 МПа;Фланцы стальные плоские приварные;15;19;19;95;47;65;0;10;2;14;4;Фланец 1-15-10 ст. 20 ГОСТ 12820-80
ГОСТ;ГОСТ 12820-80 Ру 1,0 МПа;Фланцы стальные плоские приварные;20;26;26;105;58;75;0;12;2;14;4;Фланец 1-20-10 ст. 20 ГОСТ 12820-80
ГОСТ;ГОСТ 12820-80 Ру 1,0 МПа;Фланцы стальные плоские приварные;25;33;33;115;68;85;0;12;2;14;4;Фланец 1-25-10 ст. 20 ГОСТ 12820-80
ГОСТ;ГОСТ 12820-80 Ру 1,0 МПа;Фланцы стальные плоские приварные;32;39;39;135;78;100;0;14;2;18;4;Фланец 1-32-10 ст. 20 ГОСТ 12820-80
ГОСТ;ГОСТ 12820-80 Ру 1,0 МПа;Фланцы стальные плоские приварные;40;46;46;145;88;110;0;15;3;18;4;Фланец 1-40-10 ст. 20 ГОСТ 12820-80
ГОСТ;ГОСТ 12820-80 Ру 1,0 МПа;Фланцы стальные плоские приварные;50;59;59;160;102;125;0;15;3;18;4;Фланец 1-50-10 ст. 20 ГОСТ 12820-80
ГОСТ;ГОСТ 12820-80 Ру 1,0 МПа;Фланцы стальные плоские приварные;65;78;78;180;122;145;0;17;3;18;4;Фланец 1-65-10 ст. 20 ГОСТ 12820-80
ГОСТ;ГОСТ 12820-80 Ру 1,0 МПа;Фланцы стальные плоские приварные;80;91;91;195;133;160;0;17;3;18;8;Фланец 1-80-10 ст. 20 ГОСТ 12820-80
ГОСТ;ГОСТ 12820-80 Ру 1,0 МПа;Фланцы стальные плоские приварные;100(110);110;110;215;158;180;0;19;3;18;8;Фланец 1-100(110)-10 ст. 20 ГОСТ 12820-80
ГОСТ;ГОСТ 12820-80 Ру 1,0 МПа;Фланцы стальные плоские приварные;100(116);116;116;215;158;180;0;19;3;18;8;Фланец 1-100(116)-10 ст. 20 ГОСТ 12820-80
ГОСТ;ГОСТ 12820-80 Ру 1,0 МПа;Фланцы стальные плоские приварные;125(135);135;135;245;184;210;0;21;3;18;8;Фланец 1-125(135)-10 ст. 20 ГОСТ 12820-80
ГОСТ;ГОСТ 12820-80 Ру 1,0 МПа;Фланцы стальные плоские приварные;125(142);142;142;245;184;210;0;21;3;18;8;Фланец 1-125(142)-10 ст. 20 ГОСТ 12820-80
ГОСТ;ГОСТ 12820-80 Ру 1,0 МПа;Фланцы стальные плоские приварные;150(154);154;154;280;212;240;0;21;3;22;8;Фланец 1-150(154)-10 ст. 20 ГОСТ 12820-80
ГОСТ;ГОСТ 12820-80 Ру 1,0 МПа;Фланцы стальные плоские приварные;150(161);161;161;280;212;240;0;21;3;22;8;Фланец 1-150(161)-10 ст. 20 ГОСТ 12820-80
ГОСТ;ГОСТ 12820-80 Ру 1,0 МПа;Фланцы стальные плоские приварные;150(170);170;170;280;212;240;0;21;3;22;8;Фланец 1-150(170)-10 ст. 20 ГОСТ 12820-80
ГОСТ;ГОСТ 12820-80 Ру 1,0 МПа;Фланцы стальные плоские приварные;(175);196;196;310;242;270;0;21;3;22;8;Фланец 1-(175)-10 ст. 20 ГОСТ 12820-80
ГОСТ;ГОСТ 12820-80 Ру 1,0 МПа;Фланцы стальные плоские приварные;200;222;222;335;268;295;0;21;3;22;8;Фланец 1-200-10 ст. 20 ГОСТ 12820-80
ГОСТ;ГОСТ 12820-80 Ру 1,0 МПа;Фланцы стальные плоские приварные;(225);245;245;365;295;325;0;21;3;22;8;Фланец 1-(225)-10 ст. 20 ГОСТ 12820-80
ГОСТ;ГОСТ 12820-80 Ру 1,0 МПа;Фланцы стальные плоские приварные;250;273;273;390;320;350;0;23;3;22;12;Фланец 1-250-10 ст. 20 ГОСТ 12820-80
ГОСТ;ГОСТ 12820-80 Ру 1,0 МПа;Фланцы стальные плоские приварные;300;325;325;440;370;400;0;24;4;22;12;Фланец 1-300-10 ст. 20 ГОСТ 12820-80
ГОСТ;ГОСТ 12820-80 Ру 1,0 МПа;Фланцы стальные плоские приварные;350;377;377;500;430;460;0;24;4;22;16;Фланец 1-350-10 ст. 20 ГОСТ 12820-80
ГОСТ;ГОСТ 12820-80 Ру 1,0 МПа;Фланцы стальные плоские приварные;400;426;426;565;482;515;0;26;4;26;16;Фланец 1-400-10 ст. 20 ГОСТ 12820-80
ГОСТ;ГОСТ 12820-80 Ру 1,0 МПа;Фланцы стальные плоские приварные;(450);480;480;615;532;565;0;26;4;26;20;Фланец 1-(450)-10 ст. 20 ГОСТ 12820-80
ГОСТ;ГОСТ 12820-80 Ру 1,0 МПа;Фланцы стальные плоские приварные;500;530;530;670;585;620;0;28;4;26;20;Фланец 1-500-10 ст. 20 ГОСТ 12820-80
ГОСТ;ГОСТ 12820-80 Ру 1,0 МПа;Фланцы стальные плоские приварные;600;630;630;780;685;725;0;31;5;30;20;Фланец 1-600-10 ст. 20 ГОСТ 12820-80
ГОСТ;ГОСТ 12820-80 Ру 1,6 МПа;Фланцы стальные плоские приварные;10;15;15;90;42;60;0;12;2;14;4;Фланец 1-10-16 ст. 20 ГОСТ 12820-80
ГОСТ;ГОСТ 12820-80 Ру 1,6 МПа;Фланцы стальные плоские приварные;15;19;19;95;47;65;0;12;2;14;4;Фланец 1-15-16 ст. 20 ГОСТ 12820-80
ГОСТ;ГОСТ 12820-80 Ру 1,6 МПа;Фланцы стальные плоские приварные;20;26;26;105;58;75;0;14;2;14;4;Фланец 1-20-16 ст. 20 ГОСТ 12820-80
ГОСТ;ГОСТ 12820-80 Ру 1,6 МПа;Фланцы стальные плоские приварные;25;33;33;115;68;85;0;16;2;14;4;Фланец 1-25-16 ст. 20 ГОСТ 12820-80
ГОСТ;ГОСТ 12820-80 Ру 1,6 МПа;Фланцы стальные плоские приварные;32;39;39;135;78;100;0;16;2;18;4;Фланец 1-32-16 ст. 20 ГОСТ 12820-80
ГОСТ;ГОСТ 12820-80 Ру 1,6 МПа;Фланцы стальные плоские приварные;40;46;46;145;88;110;0;17;3;18;4;Фланец 1-40-16 ст. 20 ГОСТ 12820-80
ГОСТ;ГОСТ 12820-80 Ру 1,6 МПа;Фланцы стальные плоские приварные;50;59;59;160;102;125;0;19;3;18;4;Фланец 1-50-16 ст. 20 ГОСТ 12820-80
ГОСТ;ГОСТ 12820-80 Ру 1,6 МПа;Фланцы стальные плоские приварные;65;78;78;180;122;145;0;21;3;18;4;Фланец 1-65-16 ст. 20 ГОСТ 12820-80
ГОСТ;ГОСТ 12820-80 Ру 1,6 МПа;Фланцы стальные плоские приварные;80;91;91;195;133;160;0;21;3;18;8;Фланец 1-80-16 ст. 20 ГОСТ 12820-80
ГОСТ;ГОСТ 12820-80 Ру 1,6 МПа;Фланцы стальные плоские приварные;100(110);110;110;215;158;180;0;23;3;18;8;Фланец 1-100(110)-16 ст. 20 ГОСТ 12820-80
ГОСТ;ГОСТ 12820-80 Ру 1,6 МПа;Фланцы стальные плоские приварные;100(116);116;116;215;158;180;0;23;3;18;8;Фланец 1-100(116)-16 ст. 20 ГОСТ 12820-80
ГОСТ;ГОСТ 12820-80 Ру 1,6 МПа;Фланцы стальные плоские приварные;125(135);135;135;245;184;210;0;25;3;18;8;Фланец 1-125(135)-16 ст. 20 ГОСТ 12820-80
ГОСТ;ГОСТ 12820-80 Ру 1,6 МПа;Фланцы стальные плоские приварные;125(142);142;142;245;184;210;0;25;3;18;8;Фланец 1-125(142)-16 ст. 20 ГОСТ 12820-80
ГОСТ;ГОСТ 12820-80 Ру 1,6 МПа;Фланцы стальные плоские приварные;150(154);154;154;280;212;240;0;25;3;22;8;Фланец 1-150(154)-16 ст. 20 ГОСТ 12820-80
ГОСТ;ГОСТ 12820-80 Ру 1,6 МПа;Фланцы стальные плоские приварные;150(161);161;161;280;212;240;0;25;3;22;8;Фланец 1-150(161)-16 ст. 20 ГОСТ 12820-80
ГОСТ;ГОСТ 12820-80 Ру 1,6 МПа;Фланцы стальные плоские приварные;150(170);170;170;280;212;240;0;25;3;22;8;Фланец 1-150(170)-16 ст. 20 ГОСТ 12820-80
ГОСТ;ГОСТ 12820-80 Ру 1,6 МПа;Фланцы стальные плоские приварные;(175);196;196;310;242;270;0;25;3;22;8;Фланец 1-(175)-16 ст. 20 ГОСТ 12820-80
ГОСТ;ГОСТ 12820-80 Ру 1,6 МПа;Фланцы стальные плоские приварные;200;222;222;335;268;295;0;27;3;22;12;Фланец 1-200-16 ст. 20 ГОСТ 12820-80
ГОСТ;ГОСТ 12820-80 Ру 1,6 МПа;Фланцы стальные плоские приварные;(225);245;245;365;295;325;0;27;3;22;12;Фланец 1-(225)-16 ст. 20 ГОСТ 12820-80
ГОСТ;ГОСТ 12820-80 Ру 1,6 МПа;Фланцы стальные плоские приварные;250;273;273;405;320;355;0;28;3;26;12;Фланец 1-250-16 ст. 20 ГОСТ 12820-80
ГОСТ;ГОСТ 12820-80 Ру 1,6 МПа;Фланцы стальные плоские приварные;300;325;325;460;370;410;0;28;4;26;12;Фланец 1-300-16 ст. 20 ГОСТ 12820-80
ГОСТ;ГОСТ 12820-80 Ру 1,6 МПа;Фланцы стальные плоские приварные;350;377;377;520;430;470;0;30;4;26;16;Фланец 1-350-16 ст. 20 ГОСТ 12820-80
ГОСТ;ГОСТ 12820-80 Ру 1,6 МПа;Фланцы стальные плоские приварные;400;426;426;580;482;525;0;34;4;30;16;Фланец 1-400-16 ст. 20 ГОСТ 12820-80
ГОСТ;ГОСТ 12820-80 Ру 1,6 МПа;Фланцы стальные плоские приварные;(450);480;480;640;532;585;0;38;4;30;20;Фланец 1-(450)-16 ст. 20 ГОСТ 12820-80
ГОСТ;ГОСТ 12820-80 Ру 1,6 МПа;Фланцы стальные плоские приварные;500;530;530;710;585;650;0;44;4;33;20;Фланец 1-500-16 ст. 20 ГОСТ 12820-80
ГОСТ;ГОСТ 12820-80 Ру 1,6 МПа;Фланцы стальные плоские приварные;600;630;630;840;685;770;0;45;5;36;20;Фланец 1-600-16 ст. 20 ГОСТ 12820-80
ГОСТ;ГОСТ 12820-80 Ру 2,5 МПа;Фланцы стальные плоские приварные;10;15;15;90;42;60;0;14;2;14;4;Фланец 1-10-25 ст. 20 ГОСТ 12820-80
ГОСТ;ГОСТ 12820-80 Ру 2,5 МПа;Фланцы стальные плоские приварные;15;19;19;95;47;65;0;14;2;14;4;Фланец 1-15-25 ст. 20 ГОСТ 12820-80
ГОСТ;ГОСТ 12820-80 Ру 2,5 МПа;Фланцы стальные плоские приварные;20;26;26;105;58;75;0;16;2;14;4;Фланец 1-20-25 ст. 20 ГОСТ 12820-80
ГОСТ;ГОСТ 12820-80 Ру 2,5 МПа;Фланцы стальные плоские приварные;25;33;33;115;68;85;0;16;2;14;4;Фланец 1-25-25 ст. 20 ГОСТ 12820-80
ГОСТ;ГОСТ 12820-80 Ру 2,5 МПа;Фланцы стальные плоские приварные;32;39;39;135;78;100;0;18;2;18;4;Фланец 1-32-25 ст. 20 ГОСТ 12820-80
ГОСТ;ГОСТ 12820-80 Ру 2,5 МПа;Фланцы стальные плоские приварные;40;46;46;145;88;110;0;19;3;18;4;Фланец 1-40-25 ст. 20 ГОСТ 12820-80
ГОСТ;ГОСТ 12820-80 Ру 2,5 МПа;Фланцы стальные плоские приварные;50;59;59;160;102;125;0;21;3;18;4;Фланец 1-50-25 ст. 20 ГОСТ 12820-80
ГОСТ;ГОСТ 12820-80 Ру 2,5 МПа;Фланцы стальные плоские приварные;65;78;78;180;122;145;0;21;3;18;8;Фланец 1-65-25 ст. 20 ГОСТ 12820-80
ГОСТ;ГОСТ 12820-80 Ру 2,5 МПа;Фланцы стальные плоские приварные;80;91;91;195;133;160;0;23;3;18;8;Фланец 1-80-25 ст. 20 ГОСТ 12820-80
ГОСТ;ГОСТ 12820-80 Ру 2,5 МПа;Фланцы стальные плоские приварные;100(110);110;110;230;158;190;0;25;3;22;8;Фланец 1-100(110)-25 ст. 20 ГОСТ 12820-80
ГОСТ;ГОСТ 12820-80 Ру 2,5 МПа;Фланцы стальные плоские приварные;100(116);116;116;230;158;190;0;25;3;22;8;Фланец 1-100(116)-25 ст. 20 ГОСТ 12820-80
ГОСТ;ГОСТ 12820-80 Ру 2,5 МПа;Фланцы стальные плоские приварные;125(135);135;135;270;184;220;0;27;3;26;8;Фланец 1-125(135)-25 ст. 20 ГОСТ 12820-80
ГОСТ;ГОСТ 12820-80 Ру 2,5 МПа;Фланцы стальные плоские приварные;125(142);142;142;270;184;220;0;27;3;26;8;Фланец 1-125(142)-25 ст. 20 ГОСТ 12820-80
ГОСТ;ГОСТ 12820-80 Ру 2,5 МПа;Фланцы стальные плоские приварные;150(154);154;154;300;212;250;0;27;3;26;8;Фланец 1-150(154)-25 ст. 20 ГОСТ 12820-80
ГОСТ;ГОСТ 12820-80 Ру 2,5 МПа;Фланцы стальные плоские приварные;150(161);161;161;300;212;250;0;27;3;26;8;Фланец 1-150(161)-25 ст. 20 ГОСТ 12820-80
ГОСТ;ГОСТ 12820-80 Ру 2,5 МПа;Фланцы стальные плоские приварные;150(170);170;170;300;212;250;0;27;3;26;8;Фланец 1-150(170)-25 ст. 20 ГОСТ 12820-80
ГОСТ;ГОСТ 12820-80 Ру 2,5 МПа;Фланцы стальные плоские приварные;(175);196;196;330;242;280;0;29;3;26;12;Фланец 1-(175)-25 ст. 20 ГОСТ 12820-80
ГОСТ;ГОСТ 12820-80 Ру 2,5 МПа;Фланцы стальные плоские приварные;200;222;222;360;278;310;0;29;3;26;12;Фланец 1-200-25 ст. 20 ГОСТ 12820-80
ГОСТ;ГОСТ 12820-80 Ру 2,5 МПа;Фланцы стальные плоские приварные;(225);245;245;395;305;340;0;31;3;30;12;Фланец 1-(225)-25 ст. 20 ГОСТ 12820-80
ГОСТ;ГОСТ 12820-80 Ру 2,5 МПа;Фланцы стальные плоские приварные;250;273;273;425;335;370;0;31;3;30;12;Фланец 1-250-25 ст. 20 ГОСТ 12820-80
ГОСТ;ГОСТ 12820-80 Ру 2,5 МПа;Фланцы стальные плоские приварные;300;325;325;485;390;430;0;32;4;30;16;Фланец 1-300-25 ст. 20 ГОСТ 12820-80
ГОСТ;ГОСТ 12820-80 Ру 2,5 МПа;Фланцы стальные плоские приварные;350;377;377;550;450;490;0;38;4;33;16;Фланец 1-350-25 ст. 20 ГОСТ 12820-80
ГОСТ;ГОСТ 12820-80 Ру 2,5 МПа;Фланцы стальные плоские приварные;400;426;426;610;505;550;0;40;4;36;16;Фланец 1-400-25 ст. 20 ГОСТ 12820-80
ГОСТ;ГОСТ 12820-80 Ру 2,5 МПа;Фланцы стальные плоские приварные;(450);480;480;660;555;600;0;44;4;36;20;Фланец 1-(450)-25 ст. 20 ГОСТ 12820-80
ГОСТ;ГОСТ 12820-80 Ру 2,5 МПа;Фланцы стальные плоские приварные;500;530;530;730;615;660;0;48;4;36;20;Фланец 1-500-25 ст. 20 ГОСТ 12820-80
ГОСТ;ГОСТ 12821-80 Ру 0,1 и 0,25 МПа;Фланцы стальные приварные встык;10;15;22;75;35;50;15;8;2;11;4;Фланец 1-10-2,5 ст. 20 ГОСТ 12821-80
ГОСТ;ГОСТ 12821-80 Ру 0,1 и 0,25 МПа;Фланцы стальные приварные встык;15;19;28;80;40;55;18;8;2;11;4;Фланец 1-15-2,5 ст. 20 ГОСТ 12821-80
ГОСТ;ГОСТ 12821-80 Ру 0,1 и 0,25 МПа;Фланцы стальные приварные встык;20;26;36;90;50;65;20;8;2;11;4;Фланец 1-20-2,5 ст. 20 ГОСТ 12821-80
ГОСТ;ГОСТ 12821-80 Ру 0,1 и 0,25 МПа;Фланцы стальные приварные встык;25;33;42;100;60;75;20;8;2;11;4;Фланец 1-25-2,5 ст. 20 ГОСТ 12821-80
ГОСТ;ГОСТ 12821-80 Ру 0,1 и 0,25 МПа;Фланцы стальные приварные встык;32;39;50;120;70;90;20;8;2;14;4;Фланец 1-32-2,5 ст. 20 ГОСТ 12821-80
ГОСТ;ГОСТ 12821-80 Ру 0,1 и 0,25 МПа;Фланцы стальные приварные встык;40;46;60;130;80;100;24;9;3;14;4;Фланец 1-40-2,5 ст. 20 ГОСТ 12821-80
ГОСТ;ГОСТ 12821-80 Ру 0,1 и 0,25 МПа;Фланцы стальные приварные встык;50;58;70;140;90;110;24;9;3;14;4;Фланец 1-50-2,5 ст. 20 ГОСТ 12821-80
ГОСТ;ГОСТ 12821-80 Ру 0,1 и 0,25 МПа;Фланцы стальные приварные встык;65;77;88;160;110;130;24;9;3;14;4;Фланец 1-65-2,5 ст. 20 ГОСТ 12821-80
ГОСТ;ГОСТ 12821-80 Ру 0,1 и 0,25 МПа;Фланцы стальные приварные встык;80;90;102;185;128;150;24;11;3;18;4;Фланец 1-80-2,5 ст. 20 ГОСТ 12821-80
ГОСТ;ГОСТ 12821-80 Ру 0,1 и 0,25 МПа;Фланцы стальные приварные встык;100;110;122;205;148;170;26;11;3;18;4;Фланец 1-100-2,5 ст. 20 ГОСТ 12821-80
ГОСТ;ГОСТ 12821-80 Ру 0,1 и 0,25 МПа;Фланцы стальные приварные встык;125;135;148;235;178;200;26;11;3;18;8;Фланец 1-125-2,5 ст. 20 ГОСТ 12821-80
ГОСТ;ГОСТ 12821-80 Ру 0,1 и 0,25 МПа;Фланцы стальные приварные встык;150;161;172;260;202;225;27;11;3;18;8;Фланец 1-150-2,5 ст. 20 ГОСТ 12821-80
ГОСТ;ГОСТ 12821-80 Ру 0,1 и 0,25 МПа;Фланцы стальные приварные встык;(175);196;210;290;232;255;30;13;3;18;8;Фланец 1-(175)-2,5 ст. 20 ГОСТ 12821-80
ГОСТ;ГОСТ 12821-80 Ру 0,1 и 0,25 МПа;Фланцы стальные приварные встык;200;222;235;315;258;280;32;13;3;18;8;Фланец 1-200-2,5 ст. 20 ГОСТ 12821-80
ГОСТ;ГОСТ 12821-80 Ру 0,1 и 0,25 МПа;Фланцы стальные приварные встык;(225);248;260;340;282;305;30;15;3;18;8;Фланец 1-(225)-2,5 ст. 20 ГОСТ 12821-80
ГОСТ;ГОСТ 12821-80 Ру 0,1 и 0,25 МПа;Фланцы стальные приварные встык;250;278;288;370;312;335;29;16;3;18;12;Фланец 1-250-2,5 ст. 20 ГОСТ 12821-80
ГОСТ;ГОСТ 12821-80 Ру 0,1 и 0,25 МПа;Фланцы стальные приварные встык;300;330;340;435;365;395;29;16;4;22;12;Фланец 1-300-2,5 ст. 20 ГОСТ 12821-80
ГОСТ;ГОСТ 12821-80 Ру 0,1 и 0,25 МПа;Фланцы стальные приварные встык;350;382;390;485;415;445;29;16;4;22;12;Фланец 1-350-2,5 ст. 20 ГОСТ 12821-80
ГОСТ;ГОСТ 12821-80 Ру 0,1 и 0,25 МПа;Фланцы стальные приварные встык;400;432;440;535;465;495;29;16;4;22;16;Фланец 1-400-2,5 ст. 20 ГОСТ 12821-80
ГОСТ;ГОСТ 12821-80 Ру 0,1 и 0,25 МПа;Фланцы стальные приварные встык;(450);484;494;590;520;550;34;16;4;22;16;Фланец 1-(450)-2,5 ст. 20 ГОСТ 12821-80
ГОСТ;ГОСТ 12821-80 Ру 0,1 и 0,25 МПа;Фланцы стальные приварные встык;500;535;545;640;570;600;31;19;4;22;20;Фланец 1-500-2,5 ст. 20 ГОСТ 12821-80
ГОСТ;ГОСТ 12821-80 Ру 0,1 и 0,25 МПа;Фланцы стальные приварные встык;600;636;650;755;670;705;36;19;5;26;20;Фланец 1-600-2,5 ст. 20 ГОСТ 12821-80
ГОСТ;ГОСТ 12821-80 Ру 0,1 и 0,25 МПа;Фланцы стальные приварные встык;(700);726;740;860;775;810;36;19;5;26;24;Фланец 1-(700)-2,5 ст. 20 ГОСТ 12821-80
ГОСТ;ГОСТ 12821-80 Ру 0,1 и 0,25 МПа;Фланцы стальные приварные встык;800;826;844;975;880;920;41;19;5;30;24;Фланец 1-800-2,5 ст. 20 ГОСТ 12821-80
ГОСТ;ГОСТ 12821-80 Ру 0,1 и 0,25 МПа;Фланцы стальные приварные встык;(900);926;944;1075;980;1020;39;21;5;30;24;Фланец 1-(900)-2,5 ст. 20 ГОСТ 12821-80
ГОСТ;ГОСТ 12821-80 Ру 0,1 и 0,25 МПа;Фланцы стальные приварные встык;1000;1028;1044;1175;1080;1120;39;21;5;30;28;Фланец 1-1000-2,5 ст. 20 ГОСТ 12821-80
ГОСТ;ГОСТ 12821-80 Ру 0,1 и 0,25 МПа;Фланцы стальные приварные встык;1200;1228;1244;1400;1295;1340;42;23;5;33;32;Фланец 1-1200-2,5 ст. 20 ГОСТ 12821-80
ГОСТ;ГОСТ 12821-80 Ру 0,1 и 0,25 МПа;Фланцы стальные приварные встык;1400;1428;1445;1620;1510;1560;41;24;5;36;36;Фланец 1-1400-2,5 ст. 20 ГОСТ 12821-80
ГОСТ;ГОСТ 12821-80 Ру 0,1 и 0,25 МПа;Фланцы стальные приварные встык;1600;1628;1646;1820;1710;1760;40;25;5;36;40;Фланец 1-1600-2,5 ст. 20 ГОСТ 12821-80
ГОСТ;ГОСТ 12821-80 Ру 0,6 МПа;Фланцы стальные приварные встык;10;15;22;75;35;50;17;10;2;11;4;Фланец 1-10-6 ст. 20 ГОСТ 12821-80
ГОСТ;ГОСТ 12821-80 Ру 0,6 МПа;Фланцы стальные приварные встык;15;19;28;80;40;55;18;10;2;11;4;Фланец 1-15-6 ст. 20 ГОСТ 12821-80
ГОСТ;ГОСТ 12821-80 Ру 0,6 МПа;Фланцы стальные приварные встык;20;26;36;90;50;65;20;10;2;11;4;Фланец 1-20-6 ст. 20 ГОСТ 12821-80
ГОСТ;ГОСТ 12821-80 Ру 0,6 МПа;Фланцы стальные приварные встык;25;33;42;100;60;75;18;12;2;11;4;Фланец 1-25-6 ст. 20 ГОСТ 12821-80
ГОСТ;ГОСТ 12821-80 Ру 0,6 МПа;Фланцы стальные приварные встык;32;39;50;120;70;90;21;12;2;14;4;Фланец 1-32-6 ст. 20 ГОСТ 12821-80
ГОСТ;ГОСТ 12821-80 Ру 0,6 МПа;Фланцы стальные приварные встык;40;46;60;130;80;100;23;12;3;14;4;Фланец 1-40-6 ст. 20 ГОСТ 12821-80
ГОСТ;ГОСТ 12821-80 Ру 0,6 МПа;Фланцы стальные приварные встык;50;58;70;140;90;110;23;12;3;14;4;Фланец 1-50-6 ст. 20 ГОСТ 12821-80
ГОСТ;ГОСТ 12821-80 Ру 0,6 МПа;Фланцы стальные приварные встык;65;77;88;160;110;130;23;12;3;14;4;Фланец 1-65-6 ст. 20 ГОСТ 12821-80
ГОСТ;ГОСТ 12821-80 Ру 0,6 МПа;Фланцы стальные приварные встык;80;90;102;185;128;150;24;13;3;18;4;Фланец 1-80-6 ст. 20 ГОСТ 12821-80
ГОСТ;ГОСТ 12821-80 Ру 0,6 МПа;Фланцы стальные приварные встык;100;110;122;205;148;170;25;13;3;18;4;Фланец 1-100-6 ст. 20 ГОСТ 12821-80
ГОСТ;ГОСТ 12821-80 Ру 0,6 МПа;Фланцы стальные приварные встык;125;135;148;235;178;200;25;15;3;18;8;Фланец 1-125-6 ст. 20 ГОСТ 12821-80
ГОСТ;ГОСТ 12821-80 Ру 0,6 МПа;Фланцы стальные приварные встык;150;161;172;260;202;225;28;15;3;18;8;Фланец 1-150-6 ст. 20 ГОСТ 12821-80
ГОСТ;ГОСТ 12821-80 Ру 0,6 МПа;Фланцы стальные приварные встык;(175);196;210;290;232;255;30;17;3;18;8;Фланец 1-(175)-6 ст. 20 ГОСТ 12821-80
ГОСТ;ГОСТ 12821-80 Ру 0,6 МПа;Фланцы стальные приварные встык;200;222;235;315;258;280;33;17;3;18;8;Фланец 1-200-6 ст. 20 ГОСТ 12821-80
ГОСТ;ГОСТ 12821-80 Ру 0,6 МПа;Фланцы стальные приварные встык;(225);248;260;340;282;305;33;17;3;18;8;Фланец 1-(225)-6 ст. 20 ГОСТ 12821-80
ГОСТ;ГОСТ 12821-80 Ру 0,6 МПа;Фланцы стальные приварные встык;250;278;288;370;312;335;32;18;3;18;12;Фланец 1-250-6 ст. 20 ГОСТ 12821-80
ГОСТ;ГОСТ 12821-80 Ру 0,6 МПа;Фланцы стальные приварные встык;300;330;340;435;365;395;32;18;4;22;12;Фланец 1-300-6 ст. 20 ГОСТ 12821-80
ГОСТ;ГОСТ 12821-80 Ру 0,6 МПа;Фланцы стальные приварные встык;350;382;390;485;415;445;32;18;4;22;12;Фланец 1-350-6 ст. 20 ГОСТ 12821-80
ГОСТ;ГОСТ 12821-80 Ру 0,6 МПа;Фланцы стальные приварные встык;400;432;440;535;465;495;32;18;4;22;16;Фланец 1-400-6 ст. 20 ГОСТ 12821-80
ГОСТ;ГОСТ 12821-80 Ру 0,6 МПа;Фланцы стальные приварные встык;(450);484;494;590;520;550;32;18;4;22;16;Фланец 1-(450)-6 ст. 20 ГОСТ 12821-80
ГОСТ;ГОСТ 12821-80 Ру 0,6 МПа;Фланцы стальные приварные встык;500;535;545;640;570;600;31;19;4;22;20;Фланец 1-500-6 ст. 20 ГОСТ 12821-80
ГОСТ;ГОСТ 12821-80 Ру 0,6 МПа;Фланцы стальные приварные встык;600;636;650;755;670;705;36;19;5;26;20;Фланец 1-600-6 ст. 20 ГОСТ 12821-80
ГОСТ;ГОСТ 12821-80 Ру 0,6 МПа;Фланцы стальные приварные встык;(700);726;740;860;775;810;36;19;5;26;24;Фланец 1-(700)-6 ст. 20 ГОСТ 12821-80
ГОСТ;ГОСТ 12821-80 Ру 0,6 МПа;Фланцы стальные приварные встык;800;826;844;975;880;920;41;19;5;30;24;Фланец 1-800-6 ст. 20 ГОСТ 12821-80
ГОСТ;ГОСТ 12821-80 Ру 0,6 МПа;Фланцы стальные приварные встык;(900);926;944;1075;980;1020;39;21;5;31;24;Фланец 1-(900)-6 ст. 20 ГОСТ 12821-80
ГОСТ;ГОСТ 12821-80 Ру 0,6 МПа;Фланцы стальные приварные встык;1000;1028;1044;1175;1080;1120;39;21;5;32;28;Фланец 1-1000-6 ст. 20 ГОСТ 12821-80
ГОСТ;ГОСТ 12821-80 Ру 0,6 МПа;Фланцы стальные приварные встык;1200;1228;1244;1400;1295;1340;47;23;5;33;32;Фланец 1-1200-6 ст. 20 ГОСТ 12821-80
ГОСТ;ГОСТ 12821-80 Ру 0,6 МПа;Фланцы стальные приварные встык;1400;1428;1445;1620;1510;1560;58;27;5;36;36;Фланец 1-1400-6 ст. 20 ГОСТ 12821-80
ГОСТ;ГОСТ 12821-80 Ру 0,6 МПа;Фланцы стальные приварные встык;1600;1628;1646;1820;1710;1760;63;32;5;36;40;Фланец 1-1600-6 ст. 20 ГОСТ 12821-80
ГОСТ;ГОСТ 12821-80 Ру 1,0 МПа;Фланцы стальные приварные встык;10;15;25;90;42;60;23;10;2;14;4;Фланец 1-10-10 ст. 20 ГОСТ 12821-80
ГОСТ;ГОСТ 12821-80 Ру 1,0 МПа;Фланцы стальные приварные встык;15;19;30;95;47;65;23;10;2;14;4;Фланец 1-15-10 ст. 20 ГОСТ 12821-80
ГОСТ;ГОСТ 12821-80 Ру 1,0 МПа;Фланцы стальные приварные встык;20;26;38;105;58;75;24;12;2;14;4;Фланец 1-20-10 ст. 20 ГОСТ 12821-80
ГОСТ;ГОСТ 12821-80 Ру 1,0 МПа;Фланцы стальные приварные встык;25;33;45;115;68;85;26;12;2;14;4;Фланец 1-25-10 ст. 20 ГОСТ 12821-80
ГОСТ;ГОСТ 12821-80 Ру 1,0 МПа;Фланцы стальные приварные встык;32;39;55;135;78;100;27;13;2;18;4;Фланец 1-32-10 ст. 20 ГОСТ 12821-80
ГОСТ;ГОСТ 12821-80 Ру 1,0 МПа;Фланцы стальные приварные встык;40;46;62;145;88;110;29;13;3;18;4;Фланец 1-40-10 ст. 20 ГОСТ 12821-80
ГОСТ;ГОСТ 12821-80 Ру 1,0 МПа;Фланцы стальные приварные встык;50;58;76;160;102;125;29;13;3;18;4;Фланец 1-50-10 ст. 20 ГОСТ 12821-80
ГОСТ;ГОСТ 12821-80 Ру 1,0 МПа;Фланцы стальные приварные встык;65;77;94;180;122;145;30;15;3;18;4;Фланец 1-65-10 ст. 20 ГОСТ 12821-80
ГОСТ;ГОСТ 12821-80 Ру 1,0 МПа;Фланцы стальные приварные встык;80;90;105;195;133;160;32;15;3;18;8;Фланец 1-80-10 ст. 20 ГОСТ 12821-80
ГОСТ;ГОСТ 12821-80 Ру 1,0 МПа;Фланцы стальные приварные встык;100;110;128;215;158;180;31;17;3;18;8;Фланец 1-100-10 ст. 20 ГОСТ 12821-80
ГОСТ;ГОСТ 12821-80 Ру 1,0 МПа;Фланцы стальные приварные встык;125;135;156;245;184;210;38;19;3;18;8;Фланец 1-125-10 ст. 20 ГОСТ 12821-80
ГОСТ;ГОСТ 12821-80 Ру 1,0 МПа;Фланцы стальные приварные встык;150;161;180;280;212;240;38;19;3;22;8;Фланец 1-150-10 ст. 20 ГОСТ 12821-80
ГОСТ;ГОСТ 12821-80 Ру 1,0 МПа;Фланцы стальные приварные встык;(175);196;210;310;242;270;38;19;3;22;8;Фланец 1-(175)-10 ст. 20 ГОСТ 12821-80
ГОСТ;ГОСТ 12821-80 Ру 1,0 МПа;Фланцы стальные приварные встык;200;222;240;335;268;295;39;19;3;22;8;Фланец 1-200-10 ст. 20 ГОСТ 12821-80
ГОСТ;ГОСТ 12821-80 Ру 1,0 МПа;Фланцы стальные приварные встык;(225);248;268;365;295;325;41;19;3;22;8;Фланец 1-(225)-10 ст. 20 ГОСТ 12821-80
ГОСТ;ГОСТ 12821-80 Ру 1,0 МПа;Фланцы стальные приварные встык;250;278;290;390;320;350;39;21;3;22;12;Фланец 1-250-10 ст. 20 ГОСТ 12821-80
ГОСТ;ГОСТ 12821-80 Ру 1,0 МПа;Фланцы стальные приварные встык;300;330;345;440;370;400;38;22;4;22;12;Фланец 1-300-10 ст. 20 ГОСТ 12821-80
ГОСТ;ГОСТ 12821-80 Ру 1,0 МПа;Фланцы стальные приварные встык;350;382;400;500;430;460;38;22;4;22;16;Фланец 1-350-10 ст. 20 ГОСТ 12821-80
ГОСТ;ГОСТ 12821-80 Ру 1,0 МПа;Фланцы стальные приварные встык;400;432;445;565;482;515;38;22;4;26;16;Фланец 1-400-10 ст. 20 ГОСТ 12821-80
ГОСТ;ГОСТ 12821-80 Ру 1,0 МПа;Фланцы стальные приварные встык;(450);484;500;615;532;565;43;22;4;26;20;Фланец 1-(450)-10 ст. 20 ГОСТ 12821-80
ГОСТ;ГОСТ 12821-80 Ру 1,0 МПа;Фланцы стальные приварные встык;500;535;550;670;585;620;41;24;4;26;20;Фланец 1-500-10 ст. 20 ГОСТ 12821-80
ГОСТ;ГОСТ 12821-80 Ру 1,0 МПа;Фланцы стальные приварные встык;600;636;650;780;685;725;41;24;5;30;20;Фланец 1-600-10 ст. 20 ГОСТ 12821-80
ГОСТ;ГОСТ 12821-80 Ру 1,0 МПа;Фланцы стальные приварные встык;(700);726;744;895;800;840;40;25;5;30;24;Фланец 1-(700)-10 ст. 20 ГОСТ 12821-80
ГОСТ;ГОСТ 12821-80 Ру 1,0 МПа;Фланцы стальные приварные встык;800;826;850;1010;905;950;48;27;5;33;24;Фланец 1-800-10 ст. 20 ГОСТ 12821-80
ГОСТ;ГОСТ 12821-80 Ру 1,0 МПа;Фланцы стальные приварные встык;(900);926;950;1110;1005;1050;51;29;5;33;28;Фланец 1-(900)-10 ст. 20 ГОСТ 12821-80
ГОСТ;ГОСТ 12821-80 Ру 1,0 МПа;Фланцы стальные приварные встык;1000;1028;1050;1220;1110;1160;51;29;5;36;28;Фланец 1-1000-10 ст. 20 ГОСТ 12821-80
ГОСТ;ГОСТ 12821-80 Ру 1,0 МПа;Фланцы стальные приварные встык;1200;1228;1256;1455;1330;1380;57;33;5;39;32;Фланец 1-1200-10 ст. 20 ГОСТ 12821-80
ГОСТ;ГОСТ 12821-80 Ру 1,6 МПа;Фланцы стальные приварные встык;10;15;26;90;42;60;21;12;2;14;4;Фланец 1-10-16 ст. 20 ГОСТ 12821-80
ГОСТ;ГОСТ 12821-80 Ру 1,6 МПа;Фланцы стальные приварные встык;15;19;30;95;47;65;21;12;2;14;4;Фланец 1-15-16 ст. 20 ГОСТ 12821-80
ГОСТ;ГОСТ 12821-80 Ру 1,6 МПа;Фланцы стальные приварные встык;20;26;38;105;58;75;24;12;2;14;4;Фланец 1-20-16 ст. 20 ГОСТ 12821-80
ГОСТ;ГОСТ 12821-80 Ру 1,6 МПа;Фланцы стальные приварные встык;25;33;45;115;68;85;26;12;2;14;4;Фланец 1-25-16 ст. 20 ГОСТ 12821-80
ГОСТ;ГОСТ 12821-80 Ру 1,6 МПа;Фланцы стальные приварные встык;32;39;55;135;78;100;27;13;2;18;4;Фланец 1-32-16 ст. 20 ГОСТ 12821-80
ГОСТ;ГОСТ 12821-80 Ру 1,6 МПа;Фланцы стальные приварные встык;40;46;64;145;88;110;29;13;3;18;4;Фланец 1-40-16 ст. 20 ГОСТ 12821-80
ГОСТ;ГОСТ 12821-80 Ру 1,6 МПа;Фланцы стальные приварные встык;50;58;76;160;102;125;32;13;3;18;4;Фланец 1-50-16 ст. 20 ГОСТ 12821-80
ГОСТ;ГОСТ 12821-80 Ру 1,6 МПа;Фланцы стальные приварные встык;65;77;94;180;122;145;32;15;3;18;4;Фланец 1-65-16 ст. 20 ГОСТ 12821-80
ГОСТ;ГОСТ 12821-80 Ру 1,6 МПа;Фланцы стальные приварные встык;80;90;110;195;133;160;33;17;3;18;8;Фланец 1-80-16 ст. 20 ГОСТ 12821-80
ГОСТ;ГОСТ 12821-80 Ру 1,6 МПа;Фланцы стальные приварные встык;100;110;130;215;158;180;33;17;3;18;8;Фланец 1-100-16 ст. 20 ГОСТ 12821-80
ГОСТ;ГОСТ 12821-80 Ру 1,6 МПа;Фланцы стальные приварные встык;125;135;156;245;184;210;38;19;3;18;8;Фланец 1-125-16 ст. 20 ГОСТ 12821-80
ГОСТ;ГОСТ 12821-80 Ру 1,6 МПа;Фланцы стальные приварные встык;150;161;180;280;212;240;38;19;3;22;8;Фланец 1-150-16 ст. 20 ГОСТ 12821-80
ГОСТ;ГОСТ 12821-80 Ру 1,6 МПа;Фланцы стальные приварные встык;(175);196;210;310;242;270;36;21;3;22;8;Фланец 1-(175)-16 ст. 20 ГОСТ 12821-80
ГОСТ;ГОСТ 12821-80 Ру 1,6 МПа;Фланцы стальные приварные встык;200;222;240;335;268;295;37;21;3;22;12;Фланец 1-200-16 ст. 20 ГОСТ 12821-80
ГОСТ;ГОСТ 12821-80 Ру 1,6 МПа;Фланцы стальные приварные встык;(225);248;268;365;295;325;44;21;3;22;12;Фланец 1-(225)-16 ст. 20 ГОСТ 12821-80
ГОСТ;ГОСТ 12821-80 Ру 1,6 МПа;Фланцы стальные приварные встык;250;278;292;405;320;355;42;23;3;26;12;Фланец 1-250-16 ст. 20 ГОСТ 12821-80
ГОСТ;ГОСТ 12821-80 Ру 1,6 МПа;Фланцы стальные приварные встык;300;330;346;460;370;410;42;24;4;26;12;Фланец 1-300-16 ст. 20 ГОСТ 12821-80
ГОСТ;ГОСТ 12821-80 Ру 1,6 МПа;Фланцы стальные приварные встык;350;382;400;520;430;470;42;28;4;26;16;Фланец 1-350-16 ст. 20 ГОСТ 12821-80
ГОСТ;ГОСТ 12821-80 Ру 1,6 МПа;Фланцы стальные приварные встык;400;432;450;580;482;525;43;32;4;30;16;Фланец 1-400-16 ст. 20 ГОСТ 12821-80
ГОСТ;ГОСТ 12821-80 Ру 1,6 МПа;Фланцы стальные приварные встык;(450);484;506;640;532;585;51;34;4;30;20;Фланец 1-(450)-16 ст. 20 ГОСТ 12821-80
ГОСТ;ГОСТ 12821-80 Ру 1,6 МПа;Фланцы стальные приварные встык;500;535;559;710;585;650;52;38;4;33;20;Фланец 1-500-16 ст. 20 ГОСТ 12821-80
ГОСТ;ГОСТ 12821-80 Ру 1,6 МПа;Фланцы стальные приварные встык;600;636;660;840;685;770;49;41;5;36;20;Фланец 1-600-16 ст. 20 ГОСТ 12821-80
ГОСТ;ГОСТ 12821-80 Ру 1,6 МПа;Фланцы стальные приварные встык;(700);726;750;910;800;840;52;43;5;36;24;Фланец 1-(700)-16 ст. 20 ГОСТ 12821-80
ГОСТ;ГОСТ 12821-80 Ру 1,6 МПа;Фланцы стальные приварные встык;800;826;850;1020;905;950;50;45;5;39;24;Фланец 1-800-16 ст. 20 ГОСТ 12821-80
ГОСТ;ГОСТ 12821-80 Ру 1,6 МПа;Фланцы стальные приварные встык;(900);926;958;1120;1005;1050;63;47;5;39;28;Фланец 1-(900)-16 ст. 20 ГОСТ 12821-80
ГОСТ;ГОСТ 12821-80 Ру 1,6 МПа;Фланцы стальные приварные встык;1000;1028;1060;1255;1110;1170;61;49;5;42;28;Фланец 1-1000-16 ст. 20 ГОСТ 12821-80
ГОСТ;ГОСТ 12821-80 Ру 1,6 МПа;Фланцы стальные приварные встык;1200;1228;1268;1485;1330;1390;74;51;5;48;32;Фланец 1-1200-16 ст. 20 ГОСТ 12821-80
ГОСТ;ГОСТ 12821-80 Ру 2,5 МПа;Фланцы стальные приварные встык;10;15;26;90;42;60;19;14;2;14;4;Фланец 1-10-25 ст. 20 ГОСТ 12821-80
ГОСТ;ГОСТ 12821-80 Ру 2,5 МПа;Фланцы стальные приварные встык;15;19;30;95;47;65;19;14;2;14;4;Фланец 1-15-25 ст. 20 ГОСТ 12821-80
ГОСТ;ГОСТ 12821-80 Ру 2,5 МПа;Фланцы стальные приварные встык;20;26;38;105;58;75;20;14;2;14;4;Фланец 1-20-25 ст. 20 ГОСТ 12821-80
ГОСТ;ГОСТ 12821-80 Ру 2,5 МПа;Фланцы стальные приварные встык;25;33;45;115;68;85;22;14;2;14;4;Фланец 1-25-25 ст. 20 ГОСТ 12821-80
ГОСТ;ГОСТ 12821-80 Ру 2,5 МПа;Фланцы стальные приварные встык;32;39;56;135;78;100;27;16;2;18;4;Фланец 1-32-25 ст. 20 ГОСТ 12821-80
ГОСТ;ГОСТ 12821-80 Ру 2,5 МПа;Фланцы стальные приварные встык;40;46;64;145;88;110;29;16;3;18;4;Фланец 1-40-25 ст. 20 ГОСТ 12821-80
ГОСТ;ГОСТ 12821-80 Ру 2,5 МПа;Фланцы стальные приварные встык;50;58;76;160;102;125;28;17;3;18;4;Фланец 1-50-25 ст. 20 ГОСТ 12821-80
ГОСТ;ГОСТ 12821-80 Ру 2,5 МПа;Фланцы стальные приварные встык;65;77;96;180;122;145;31;19;3;18;8;Фланец 1-65-25 ст. 20 ГОСТ 12821-80
ГОСТ;ГОСТ 12821-80 Ру 2,5 МПа;Фланцы стальные приварные встык;80;90;110;195;133;160;33;19;3;18;8;Фланец 1-80-25 ст. 20 ГОСТ 12821-80
ГОСТ;ГОСТ 12821-80 Ру 2,5 МПа;Фланцы стальные приварные встык;100;110;132;230;158;190;37;21;3;22;8;Фланец 1-100-25 ст. 20 ГОСТ 12821-80
ГОСТ;ГОСТ 12821-80 Ру 2,5 МПа;Фланцы стальные приварные встык;125;135;160;270;184;220;42;23;3;26;8;Фланец 1-125-25 ст. 20 ГОСТ 12821-80
ГОСТ;ГОСТ 12821-80 Ру 2,5 МПа;Фланцы стальные приварные встык;150;161;186;300;212;250;43;25;3;26;8;Фланец 1-150-25 ст. 20 ГОСТ 12821-80
ГОСТ;ГОСТ 12821-80 Ру 2,5 МПа;Фланцы стальные приварные встык;(175);196;216;330;242;280;45;25;3;26;12;Фланец 1-(175)-25 ст. 20 ГОСТ 12821-80
ГОСТ;ГОСТ 12821-80 Ру 2,5 МПа;Фланцы стальные приварные встык;200;222;245;360;278;310;48;27;3;26;12;Фланец 1-200-25 ст. 20 ГОСТ 12821-80
ГОСТ;ГОСТ 12821-80 Ру 2,5 МПа;Фланцы стальные приварные встык;(225);248;270;395;305;340;46;29;3;30;12;Фланец 1-(225)-25 ст. 20 ГОСТ 12821-80
ГОСТ;ГОСТ 12821-80 Ру 2,5 МПа;Фланцы стальные приварные встык;250;278;300;425;335;370;46;29;3;30;12;Фланец 1-250-25 ст. 20 ГОСТ 12821-80
ГОСТ;ГОСТ 12821-80 Ру 2,5 МПа;Фланцы стальные приварные встык;300;330;352;485;390;430;48;32;4;30;16;Фланец 1-300-25 ст. 20 ГОСТ 12821-80
ГОСТ;ГОСТ 12821-80 Ру 2,5 МПа;Фланцы стальные приварные встык;350;382;406;550;450;490;49;36;4;33;16;Фланец 1-350-25 ст. 20 ГОСТ 12821-80
ГОСТ;ГОСТ 12821-80 Ру 2,5 МПа;Фланцы стальные приварные встык;400;432;464;610;505;550;60;40;4;36;16;Фланец 1-400-25 ст. 20 ГОСТ 12821-80
ГОСТ;ГОСТ 12821-80 Ру 2,5 МПа;Фланцы стальные приварные встык;(450);484;515;660;555;600;58;42;4;36;20;Фланец 1-(450)-25 ст. 20 ГОСТ 12821-80
ГОСТ;ГОСТ 12821-80 Ру 2,5 МПа;Фланцы стальные приварные встык;500;535;570;730;615;660;56;44;4;36;20;Фланец 1-500-25 ст. 20 ГОСТ 12821-80
ГОСТ;ГОСТ 12821-80 Ру 2,5 МПа;Фланцы стальные приварные встык;600;636;670;840;720;770;66;49;5;39;20;Фланец 1-600-25 ст. 20 ГОСТ 12821-80
ГОСТ;ГОСТ 12821-80 Ру 2,5 МПа;Фланцы стальные приварные встык;(700);723;766;960;820;875;72;53;5;42;24;Фланец 1-(700)-25 ст. 20 ГОСТ 12821-80
ГОСТ;ГОСТ 12821-80 Ру 2,5 МПа;Фланцы стальные приварные встык;800;826;874;1075;930;990;80;55;5;48;24;Фланец 1-800-25 ст. 20 ГОСТ 12821-80
ГОСТ;ГОСТ 12821-80 Ру 2,5 МПа;Фланцы стальные приварные встык;(900);926;980;1185;1030;1090;88;57;5;48;28;Фланец 1-(900)-25 ст. 20 ГОСТ 12821-80
ГОСТ;ГОСТ 12821-80 Ру 2,5 МПа;Фланцы стальные приварные встык;1000;1028;1084;1315;1140;1210;91;59;5;56;28;Фланец 1-1000-25 ст. 20 ГОСТ 12821-80
ГОСТ;ГОСТ 12821-80 Ру 2,5 МПа;Фланцы стальные приварные встык;1200;1228;1288;1525;1350;1420;98;62;5;56;32;Фланец 1-1200-25 ст. 20 ГОСТ 12821-80
ГОСТ;ГОСТ 12821-80 Ру 4,0 МПа;Фланцы стальные приварные встык;10;15;26;90;42;60;19;14;2;14;4;Фланец 1-10-40 ст. 20 ГОСТ 12821-80
ГОСТ;ГОСТ 12821-80 Ру 4,0 МПа;Фланцы стальные приварные встык;15;19;30;95;47;65;19;14;2;14;4;Фланец 1-15-40 ст. 20 ГОСТ 12821-80
ГОСТ;ГОСТ 12821-80 Ру 4,0 МПа;Фланцы стальные приварные встык;20;26;38;105;58;75;20;14;2;14;4;Фланец 1-20-40 ст. 20 ГОСТ 12821-80
ГОСТ;ГОСТ 12821-80 Ру 4,0 МПа;Фланцы стальные приварные встык;25;33;45;115;68;85;22;14;2;14;4;Фланец 1-25-40 ст. 20 ГОСТ 12821-80
ГОСТ;ГОСТ 12821-80 Ру 4,0 МПа;Фланцы стальные приварные встык;32;39;56;135;78;100;27;16;2;18;4;Фланец 1-32-40 ст. 20 ГОСТ 12821-80
ГОСТ;ГОСТ 12821-80 Ру 4,0 МПа;Фланцы стальные приварные встык;40;46;64;145;88;110;29;16;3;18;4;Фланец 1-40-40 ст. 20 ГОСТ 12821-80
ГОСТ;ГОСТ 12821-80 Ру 4,0 МПа;Фланцы стальные приварные встык;50;58;76;160;102;125;28;17;3;18;4;Фланец 1-50-40 ст. 20 ГОСТ 12821-80
ГОСТ;ГОСТ 12821-80 Ру 4,0 МПа;Фланцы стальные приварные встык;65;77;96;180;122;145;31;19;3;18;8;Фланец 1-65-40 ст. 20 ГОСТ 12821-80
ГОСТ;ГОСТ 12821-80 Ру 4,0 МПа;Фланцы стальные приварные встык;80;90;112;195;133;160;34;21;3;18;8;Фланец 1-80-40 ст. 20 ГОСТ 12821-80
ГОСТ;ГОСТ 12821-80 Ру 4,0 МПа;Фланцы стальные приварные встык;100;110;138;230;158;190;42;23;3;22;8;Фланец 1-100-40 ст. 20 ГОСТ 12821-80
ГОСТ;ГОСТ 12821-80 Ру 4,0 МПа;Фланцы стальные приварные встык;125;135;160;270;184;220;40;25;3;26;8;Фланец 1-125-40 ст. 20 ГОСТ 12821-80
ГОСТ;ГОСТ 12821-80 Ру 4,0 МПа;Фланцы стальные приварные встык;150;161;186;300;212;250;41;27;3;26;8;Фланец 1-150-40 ст. 20 ГОСТ 12821-80
ГОСТ;ГОСТ 12821-80 Ру 4,0 МПа;Фланцы стальные приварные встык;(175);196;226;350;242;295;52;33;3;30;12;Фланец 1-(175)-40 ст. 20 ГОСТ 12821-80
ГОСТ;ГОСТ 12821-80 Ру 4,0 МПа;Фланцы стальные приварные встык;200;222;250;375;285;320;50;35;3;30;12;Фланец 1-200-40 ст. 20 ГОСТ 12821-80
ГОСТ;ГОСТ 12821-80 Ру 4,0 МПа;Фланцы стальные приварные встык;(225);248;280;415;315;355;58;37;3;33;12;Фланец 1-(225)-40 ст. 20 ГОСТ 12821-80
ГОСТ;ГОСТ 12821-80 Ру 4,0 МПа;Фланцы стальные приварные встык;250;278;310;445;345;385;59;39;3;33;12;Фланец 1-250-40 ст. 20 ГОСТ 12821-80
ГОСТ;ГОСТ 12821-80 Ру 4,0 МПа;Фланцы стальные приварные встык;300;330;368;510;410;450;70;42;4;33;16;Фланец 1-300-40 ст. 20 ГОСТ 12821-80
ГОСТ;ГОСТ 12821-80 Ру 4,0 МПа;Фланцы стальные приварные встык;350;382;418;570;465;510;68;48;4;36;16;Фланец 1-350-40 ст. 20 ГОСТ 12821-80
ГОСТ;ГОСТ 12821-80 Ру 4,0 МПа;Фланцы стальные приварные встык;400;432;480;655;535;585;81;54;4;39;16;Фланец 1-400-40 ст. 20 ГОСТ 12821-80
ГОСТ;ГОСТ 12821-80 Ру 4,0 МПа;Фланцы стальные приварные встык;(450);484;530;680;560;610;79;56;4;39;20;Фланец 1-(450)-40 ст. 20 ГОСТ 12821-80
ГОСТ;ГОСТ 12821-80 Ру 4,0 МПа;Фланцы стальные приварные встык;500;535;580;755;615;670;82;58;4;42;20;Фланец 1-500-40 ст. 20 ГОСТ 12821-80
ГОСТ;ГОСТ 12821-80 Ру 4,0 МПа;Фланцы стальные приварные встык;600;636;686;890;735;795;82;58;5;48;20;Фланец 1-600-40 ст. 20 ГОСТ 12821-80
ГОСТ;ГОСТ 12821-80 Ру 4,0 МПа;Фланцы стальные приварные встык;(700);726;790;995;840;900;97;63;5;48;24;Фланец 1-(700)-40 ст. 20 ГОСТ 12821-80
ГОСТ;ГОСТ 12821-80 Ру 4,0 МПа;Фланцы стальные приварные встык;800;826;908;1135;960;1030;119;71;5;56;24;Фланец 1-800-40 ст. 20 ГОСТ 12821-80
ГОСТ;ГОСТ 12821-80 Ру 4,0 МПа;Фланцы стальные приварные встык;(900);926;1024;1250;1070;1140;141;74;5;56;28;Фланец 1-(900)-40 ст. 20 ГОСТ 12821-80
ГОСТ;ГОСТ 12821-80 Ру 4,0 МПа;Фланцы стальные приварные встык;1000;1028;1140;1360;1180;1250;158;77;5;56;28;Фланец 1-1000-40 ст. 20 ГОСТ 12821-80
ГОСТ;ГОСТ 12821-80 Ру 4,0 МПа;Фланцы стальные приварные встык;1200;1228;1350;1575;1380;1460;170;80;5;62;32;Фланец 1-1200-40 ст. 20 ГОСТ 12821-80
ГОСТ;ГОСТ 12821-80 Ру 6,3 МПа;Фланцы стальные приварные встык;10;15;34;100;42;70;30;16;2;14;4;Фланец 1-10-63 ст. 20 ГОСТ 12821-80
ГОСТ;ГОСТ 12821-80 Ру 6,3 МПа;Фланцы стальные приварные встык;15;19;38;105;47;75;30;16;2;14;4;Фланец 1-15-63 ст. 20 ГОСТ 12821-80
ГОСТ;ГОСТ 12821-80 Ру 6,3 МПа;Фланцы стальные приварные встык;20;26;48;125;58;90;36;18;2;18;4;Фланец 1-20-63 ст. 20 ГОСТ 12821-80
ГОСТ;ГОСТ 12821-80 Ру 6,3 МПа;Фланцы стальные приварные встык;25;33;52;135;68;100;36;20;2;18;4;Фланец 1-25-63 ст. 20 ГОСТ 12821-80
ГОСТ;ГОСТ 12821-80 Ру 6,3 МПа;Фланцы стальные приварные встык;32;39;64;150;78;110;39;21;2;22;4;Фланец 1-32-63 ст. 20 ГОСТ 12821-80
ГОСТ;ГОСТ 12821-80 Ру 6,3 МПа;Фланцы стальные приварные встык;40;46;74;165;88;125;44;21;3;22;4;Фланец 1-40-63 ст. 20 ГОСТ 12821-80
ГОСТ;ГОСТ 12821-80 Ру 6,3 МПа;Фланцы стальные приварные встык;50;58;86;175;102;135;44;23;3;22;4;Фланец 1-50-63 ст. 20 ГОСТ 12821-80
ГОСТ;ГОСТ 12821-80 Ру 6,3 МПа;Фланцы стальные приварные встык;65;77;106;200;122;160;47;25;3;22;8;Фланец 1-65-63 ст. 20 ГОСТ 12821-80
ГОСТ;ГОСТ 12821-80 Ру 6,3 МПа;Фланцы стальные приварные встык;80;90;120;210;133;170;45;27;3;22;8;Фланец 1-80-63 ст. 20 ГОСТ 12821-80
ГОСТ;ГОСТ 12821-80 Ру 6,3 МПа;Фланцы стальные приварные встык;100;110;140;250;158;200;48;29;3;26;8;Фланец 1-100-63 ст. 20 ГОСТ 12821-80
ГОСТ;ГОСТ 12821-80 Ру 6,3 МПа;Фланцы стальные приварные встык;125;135;172;295;184;240;62;33;3;30;8;Фланец 1-125-63 ст. 20 ГОСТ 12821-80
ГОСТ;ГОСТ 12821-80 Ру 6,3 МПа;Фланцы стальные приварные встык;150;161;206;340;212;280;70;35;3;33;8;Фланец 1-150-63 ст. 20 ГОСТ 12821-80
ГОСТ;ГОСТ 12821-80 Ру 6,3 МПа;Фланцы стальные приварные встык;(175);196;232;370;242;310;66;39;3;33;12;Фланец 1-(175)-63 ст. 20 ГОСТ 12821-80
ГОСТ;ГОСТ 12821-80 Ру 6,3 МПа;Фланцы стальные приварные встык;200;222;264;405;285;345;69;41;3;33;12;Фланец 1-200-63 ст. 20 ГОСТ 12821-80
ГОСТ;ГОСТ 12821-80 Ру 6,3 МПа;Фланцы стальные приварные встык;(225);248;290;430;315;370;72;43;3;36;12;Фланец 1-(225)-63 ст. 20 ГОСТ 12821-80
ГОСТ;ГОСТ 12821-80 Ру 6,3 МПа;Фланцы стальные приварные встык;250;278;316;470;345;400;70;45;3;36;12;Фланец 1-250-63 ст. 20 ГОСТ 12821-80
ГОСТ;ГОСТ 12821-80 Ру 6,3 МПа;Фланцы стальные приварные встык;300;330;370;530;410;460;70;50;4;36;16;Фланец 1-300-63 ст. 20 ГОСТ 12821-80
ГОСТ;ГОСТ 12821-80 Ру 6,3 МПа;Фланцы стальные приварные встык;350;382;430;595;465;525;84;56;4;39;16;Фланец 1-350-63 ст. 20 ГОСТ 12821-80
ГОСТ;ГОСТ 12821-80 Ру 6,3 МПа;Фланцы стальные приварные встык;400;432;484;670;535;585;93;62;4;42;16;Фланец 1-400-63 ст. 20 ГОСТ 12821-80
ГОСТ;ГОСТ 12821-80 Ру 6,3 МПа;Фланцы стальные приварные встык;500;535;594;800;615;705;99;66;4;48;20;Фланец 1-500-63 ст. 20 ГОСТ 12821-80
ГОСТ;ГОСТ 12821-80 Ру 6,3 МПа;Фланцы стальные приварные встык;600;636;704;925;735;820;109;71;5;56;20;Фланец 1-600-63 ст. 20 ГОСТ 12821-80
ГОСТ;ГОСТ 12821-80 Ру 6,3 МПа;Фланцы стальные приварные встык;(700);726;820;1045;840;935;149;76;5;56;24;Фланец 1-(700)-63 ст. 20 ГОСТ 12821-80
ГОСТ;ГОСТ 12821-80 Ру 6,3 МПа;Фланцы стальные приварные встык;800;826;920;1165;960;1050;140;85;5;62;24;Фланец 1-800-63 ст. 20 ГОСТ 12821-80
ГОСТ;ГОСТ 12821-80 Ру 6,3 МПа;Фланцы стальные приварные встык;(900);926;1050;1285;1070;1170;177;88;5;62;28;Фланец 1-(900)-63 ст. 20 ГОСТ 12821-80
ГОСТ;ГОСТ 12821-80 Ру 6,3 МПа;Фланцы стальные приварные встык;1000;1028;1160;1415;1180;1290;188;92;5;70;28;Фланец 1-1000-63 ст. 20 ГОСТ 12821-80
ГОСТ;ГОСТ 12821-80 Ру 6,3 МПа;Фланцы стальные приварные встык;1200;1228;1386;1665;1380;1530;220;95;5;78;32;Фланец 1-1200-63 ст. 20 ГОСТ 12821-80
ГОСТ;ГОСТ 12821-80 Ру 10,0 МПа;Фланцы стальные приварные встык;10;15;34;100;42;70;27;16;2;14;4;Фланец 1-10-100 ст. 20 ГОСТ 12821-80
ГОСТ;ГОСТ 12821-80 Ру 10,0 МПа;Фланцы стальные приварные встык;15;19;38;105;47;75;28;18;2;14;4;Фланец 1-15-100 ст. 20 ГОСТ 12821-80
ГОСТ;ГОСТ 12821-80 Ру 10,0 МПа;Фланцы стальные приварные встык;20;26;48;125;58;90;31;20;2;18;4;Фланец 1-20-100 ст. 20 ГОСТ 12821-80
ГОСТ;ГОСТ 12821-80 Ру 10,0 МПа;Фланцы стальные приварные встык;25;33;52;135;68;100;34;22;2;18;4;Фланец 1-25-100 ст. 20 ГОСТ 12821-80
ГОСТ;ГОСТ 12821-80 Ру 10,0 МПа;Фланцы стальные приварные встык;32;39;64;150;78;110;38;22;2;22;4;Фланец 1-32-100 ст. 20 ГОСТ 12821-80
ГОСТ;ГОСТ 12821-80 Ру 10,0 МПа;Фланцы стальные приварные встык;40;46;76;165;88;125;44;23;3;22;4;Фланец 1-40-100 ст. 20 ГОСТ 12821-80
ГОСТ;ГОСТ 12821-80 Ру 10,0 МПа;Фланцы стальные приварные встык;50;58;86;195;102;145;43;25;3;26;4;Фланец 1-50-100 ст. 20 ГОСТ 12821-80
ГОСТ;ГОСТ 12821-80 Ру 10,0 МПа;Фланцы стальные приварные встык;65;77;110;220;122;170;51;29;3;26;8;Фланец 1-65-100 ст. 20 ГОСТ 12821-80
ГОСТ;ГОСТ 12821-80 Ру 10,0 МПа;Фланцы стальные приварные встык;80;90;124;230;133;180;56;31;3;26;8;Фланец 1-80-100 ст. 20 ГОСТ 12821-80
ГОСТ;ГОСТ 12821-80 Ру 10,0 МПа;Фланцы стальные приварные встык;100;110;146;265;158;210;62;35;3;30;8;Фланец 1-100-100 ст. 20 ГОСТ 12821-80
ГОСТ;ГОСТ 12821-80 Ру 10,0 МПа;Фланцы стальные приварные встык;125;135;180;310;184;250;73;39;3;33;8;Фланец 1-125-100 ст. 20 ГОСТ 12821-80
ГОСТ;ГОСТ 12821-80 Ру 10,0 МПа;Фланцы стальные приварные встык;150;161;214;350;212;290;82;43;3;33;12;Фланец 1-150-100 ст. 20 ГОСТ 12821-80
ГОСТ;ГОСТ 12821-80 Ру 10,0 МПа;Фланцы стальные приварные встык;(175);196;246;380;242;320;80;45;3;33;12;Фланец 1-(175)-100 ст. 20 ГОСТ 12821-80
ГОСТ;ГОСТ 12821-80 Ру 10,0 МПа;Фланцы стальные приварные встык;200;222;276;430;285;360;89;51;3;36;12;Фланец 1-200-100 ст. 20 ГОСТ 12821-80
ГОСТ;ГОСТ 12821-80 Ру 10,0 МПа;Фланцы стальные приварные встык;(225);248;312;470;315;400;102;53;3;39;12;Фланец 1-(225)-100 ст. 20 ГОСТ 12821-80
ГОСТ;ГОСТ 12821-80 Ру 10,0 МПа;Фланцы стальные приварные встык;250;278;340;500;345;430;103;57;3;39;12;Фланец 1-250-100 ст. 20 ГОСТ 12821-80
ГОСТ;ГОСТ 12821-80 Ру 10,0 МПа;Фланцы стальные приварные встык;300;330;400;585;410;500;114;66;4;42;16;Фланец 1-300-100 ст. 20 ГОСТ 12821-80
ГОСТ;ГОСТ 12821-80 Ру 10,0 МПа;Фланцы стальные приварные встык;350;382;460;655;465;560;123;72;4;48;16;Фланец 1-350-100 ст. 20 ГОСТ 12821-80
ГОСТ;ГОСТ 12821-80 Ру 10,0 МПа;Фланцы стальные приварные встык;400;432;510;715;535;620;124;76;4;48;16;Фланец 1-400-100 ст. 20 ГОСТ 12821-80
ГОСТ;ГОСТ 12821-80 Ру 16,0 МПа;Фланцы стальные приварные встык;15;19;38;105;47;75;32;18;2;14;4;Фланец 1-15-160 ст. 20 ГОСТ 12821-80
ГОСТ;ГОСТ 12821-80 Ру 16,0 МПа;Фланцы стальные приварные встык;20;26;48;125;58;90;36;20;2;18;4;Фланец 1-20-160 ст. 20 ГОСТ 12821-80
ГОСТ;ГОСТ 12821-80 Ру 16,0 МПа;Фланцы стальные приварные встык;25;33;52;135;68;100;34;22;2;18;4;Фланец 1-25-160 ст. 20 ГОСТ 12821-80
ГОСТ;ГОСТ 12821-80 Ру 16,0 МПа;Фланцы стальные приварные встык;32;39;64;150;78;110;43;22;2;22;4;Фланец 1-32-160 ст. 20 ГОСТ 12821-80
ГОСТ;ГОСТ 12821-80 Ру 16,0 МПа;Фланцы стальные приварные встык;40;46;76;165;88;125;47;25;3;22;4;Фланец 1-40-160 ст. 20 ГОСТ 12821-80
ГОСТ;ГОСТ 12821-80 Ру 16,0 МПа;Фланцы стальные приварные встык;50;58;86;195;102;145;48;27;3;26;4;Фланец 1-50-160 ст. 20 ГОСТ 12821-80
ГОСТ;ГОСТ 12821-80 Ру 16,0 МПа;Фланцы стальные приварные встык;65;77;110;220;122;170;54;31;3;26;8;Фланец 1-65-160 ст. 20 ГОСТ 12821-80
ГОСТ;ГОСТ 12821-80 Ру 16,0 МПа;Фланцы стальные приварные встык;80;90;124;230;133;180;57;33;3;26;8;Фланец 1-80-160 ст. 20 ГОСТ 12821-80
ГОСТ;ГОСТ 12821-80 Ру 16,0 МПа;Фланцы стальные приварные встык;100;110;146;265;158;210;63;37;3;30;8;Фланец 1-100-160 ст. 20 ГОСТ 12821-80
ГОСТ;ГОСТ 12821-80 Ру 16,0 МПа;Фланцы стальные приварные встык;125;135;180;310;184;250;74;41;3;33;8;Фланец 1-125-160 ст. 20 ГОСТ 12821-80
ГОСТ;ГОСТ 12821-80 Ру 16,0 МПа;Фланцы стальные приварные встык;150;161;214;350;212;290;83;47;3;33;12;Фланец 1-150-160 ст. 20 ГОСТ 12821-80
ГОСТ;ГОСТ 12821-80 Ру 16,0 МПа;Фланцы стальные приварные встык;(175);196;246;380;242;320;84;51;3;36;12;Фланец 1-(175)-160 ст. 20 ГОСТ 12821-80
ГОСТ;ГОСТ 12821-80 Ру 16,0 МПа;Фланцы стальные приварные встык;200;222;276;430;285;360;88;57;3;36;12;Фланец 1-200-160 ст. 20 ГОСТ 12821-80
ГОСТ;ГОСТ 12821-80 Ру 16,0 МПа;Фланцы стальные приварные встык;(225);248;312;470;315;400;100;60;3;39;12;Фланец 1-(225)-160 ст. 20 ГОСТ 12821-80
ГОСТ;ГОСТ 12821-80 Ру 16,0 МПа;Фланцы стальные приварные встык;250;278;340;500;345;430;100;65;3;42;12;Фланец 1-250-160 ст. 20 ГОСТ 12821-80
ГОСТ;ГОСТ 12821-80 Ру 16,0 МПа;Фланцы стальные приварные встык;300;330;400;585;410;500;111;74;4;42;16;Фланец 1-300-160 ст. 20 ГОСТ 12821-80
ГОСТ;ГОСТ 12821-80 Ру 20,0 МПа;Фланцы стальные приварные встык;15;23;40;120;47;82;16;24;2;22;4;Фланец 1-15-200 ст. 20 ГОСТ 12821-80
ГОСТ;ГОСТ 12821-80 Ру 20,0 МПа;Фланцы стальные приварные встык;20;29;46;130;58;90;20;26;2;22;4;Фланец 1-20-200 ст. 20 ГОСТ 12821-80
ГОСТ;ГОСТ 12821-80 Ру 20,0 МПа;Фланцы стальные приварные встык;25;36;54;150;68;102;26;28;2;26;4;Фланец 1-25-200 ст. 20 ГОСТ 12821-80
ГОСТ;ГОСТ 12821-80 Ру 20,0 МПа;Фланцы стальные приварные встык;32;43;64;160;78;115;34;30;2;26;4;Фланец 1-32-200 ст. 20 ГОСТ 12821-80
ГОСТ;ГОСТ 12821-80 Ру 20,0 МПа;Фланцы стальные приварные встык;40;49;74;170;88;124;43;31;3;26;4;Фланец 1-40-200 ст. 20 ГОСТ 12821-80
ГОСТ;ГОСТ 12821-80 Ру 20,0 МПа;Фланцы стальные приварные встык;50;61;105;210;102;160;68;37;3;26;8;Фланец 1-50-200 ст. 20 ГОСТ 12821-80
ГОСТ;ГОСТ 12821-80 Ру 20,0 МПа;Фланцы стальные приварные встык;65;90;138;260;122;203;93;45;3;30;8;Фланец 1-65-200 ст. 20 ГОСТ 12821-80
ГОСТ;ГОСТ 12821-80 Ру 20,0 МПа;Фланцы стальные приварные встык;80;110;162;290;133;230;111;51;3;33;8;Фланец 1-80-200 ст. 20 ГОСТ 12821-80
ГОСТ;ГОСТ 12821-80 Ру 20,0 МПа;Фланцы стальные приварные встык;100;135;208;360;158;292;145;63;3;39;8;Фланец 1-100-200 ст. 20 ГОСТ 12821-80
ГОСТ;ГОСТ 12821-80 Ру 20,0 МПа;Фланцы стальные приварные встык;125;170;234;385;184;318;161;73;3;39;12;Фланец 1-125-200 ст. 20 ГОСТ 12821-80
ГОСТ;ГОСТ 12821-80 Ру 20,0 МПа;Фланцы стальные приварные встык;150;196;266;440;212;360;187;79;3;45;12;Фланец 1-150-200 ст. 20 ГОСТ 12821-80
ГОСТ;ГОСТ 12821-80 Ру 20,0 МПа;Фланцы стальные приварные встык;(175);222;294;475;242;394;213;81;3;45;12;Фланец 1-(175)-200 ст. 20 ГОСТ 12821-80
ГОСТ;ГОСТ 12821-80 Ру 20,0 МПа;Фланцы стальные приварные встык;200;248;340;535;285;440;251;89;3;52;12;Фланец 1-200-200 ст. 20 ГОСТ 12821-80
ГОСТ;ГОСТ 12821-80 Ру 20,0 МПа;Фланцы стальные приварные встык;(225);278;374;580;315;483;277;97;3;56;12;Фланец 1-(225)-200 ст. 20 ГОСТ 12821-80
ГОСТ;ГОСТ 12821-80 Ру 20,0 МПа;Фланцы стальные приварные встык;250;330;460;670;345;572;353;107;3;56;16;Фланец 1-250-200 ст. 20 ГОСТ 12821-80
ASME;ASME B16.5-2013 WN Class 150;Pipe Flanges and Flanged Fittings;15;21,3;30;90;34,9;60,3;36,4;9,6;2;16;4;Weld Neck Flange DN 15 SA-53 ASME B16.5-2013 Class 150	
ASME;ASME B16.5-2013 WN Class 150;Pipe Flanges and Flanged Fittings;20;26,7;38;100;42,9;69,9;39,8;11,2;2;16;4;Weld Neck Flange DN 20 SA-53 ASME B16.5-2013 Class 150	
ASME;ASME B16.5-2013 WN Class 150;Pipe Flanges and Flanged Fittings;25;33,4;49;110;50,8;79,4;41,3;12,7;2;16;4;Weld Neck Flange DN 25 SA-53 ASME B16.5-2013 Class 150	
ASME;ASME B16.5-2013 WN Class 150;Pipe Flanges and Flanged Fittings;32;42,2;59;115;63,5;88,9;41,7;14,3;2;16;4;Weld Neck Flange DN 32 SA-53 ASME B16.5-2013 Class 150	
ASME;ASME B16.5-2013 WN Class 150;Pipe Flanges and Flanged Fittings;40;48,3;65;125;73;98,4;44,1;15,9;2;16;4;Weld Neck Flange DN 40 SA-53 ASME B16.5-2013 Class 150	
ASME;ASME B16.5-2013 WN Class 150;Pipe Flanges and Flanged Fittings;50;60,3;78;150;92,1;120,7;44,5;17,5;2;20;4;Weld Neck Flange DN 50 SA-53 ASME B16.5-2013 Class 150	
ASME;ASME B16.5-2013 WN Class 150;Pipe Flanges and Flanged Fittings;65;73;90;180;104,8;139,7;47,3;20,7;2;20;4;Weld Neck Flange DN 65 SA-53 ASME B16.5-2013 Class 150	
ASME;ASME B16.5-2013 WN Class 150;Pipe Flanges and Flanged Fittings;80;88,9;108;190;127;152,4;45,7;22,3;2;20;4;Weld Neck Flange DN 80 SA-53 ASME B16.5-2013 Class 150	
ASME;ASME B16.5-2013 WN Class 150;Pipe Flanges and Flanged Fittings;90;101,6;122;215;139,7;177,8;47,7;22,3;2;20;8;Weld Neck Flange DN 90 SA-53 ASME B16.5-2013 Class 150	
ASME;ASME B16.5-2013 WN Class 150;Pipe Flanges and Flanged Fittings;100;114,3;135;230;157,2;190,5;52,7;22,3;2;20;8;Weld Neck Flange DN 100 SA-53 ASME B16.5-2013 Class 150	
ASME;ASME B16.5-2013 WN Class 150;Pipe Flanges and Flanged Fittings;125;141,3;164;255;185,7;215,9;64,7;22,3;2;23;8;Weld Neck Flange DN 125 SA-53 ASME B16.5-2013 Class 150	
ASME;ASME B16.5-2013 WN Class 150;Pipe Flanges and Flanged Fittings;150;168,3;192;280;215,9;241,3;63,1;23,9;2;23;8;Weld Neck Flange DN 150 SA-53 ASME B16.5-2013 Class 150	
ASME;ASME B16.5-2013 WN Class 150;Pipe Flanges and Flanged Fittings;200;219,1;246;345;269,9;298,5;73;27;2;23;8;Weld Neck Flange DN 200 SA-53 ASME B16.5-2013 Class 150	
ASME;ASME B16.5-2013 WN Class 150;Pipe Flanges and Flanged Fittings;250;273;305;405;323,8;362;71,4;28,6;2;26;12;Weld Neck Flange DN 250 SA-53 ASME B16.5-2013 Class 150	
ASME;ASME B16.5-2013 WN Class 150;Pipe Flanges and Flanged Fittings;300;323,8;365;485;381;431,8;82,8;30,2;2;26;12;Weld Neck Flange DN 300 SA-53 ASME B16.5-2013 Class 150	
ASME;ASME B16.5-2013 WN Class 150;Pipe Flanges and Flanged Fittings;350;355,6;400;535;412,8;476,3;91,6;33,4;2;29;12;Weld Neck Flange DN 350 SA-53 ASME B16.5-2013 Class 150	
ASME;ASME B16.5-2013 WN Class 150;Pipe Flanges and Flanged Fittings;400;406,4;457;595;469,9;539,8;90;35;2;29;16;Weld Neck Flange DN 400 SA-53 ASME B16.5-2013 Class 150	
ASME;ASME B16.5-2013 WN Class 150;Pipe Flanges and Flanged Fittings;450;457;505;635;533,4;577,9;99,9;38,1;2;32;16;Weld Neck Flange DN 450 SA-53 ASME B16.5-2013 Class 150	
ASME;ASME B16.5-2013 WN Class 150;Pipe Flanges and Flanged Fittings;500;508;559;700;584,2;635;101,7;41,3;2;32;20;Weld Neck Flange DN 500 SA-53 ASME B16.5-2013 Class 150	
ASME;ASME B16.5-2013 WN Class 150;Pipe Flanges and Flanged Fittings;600;610;663;815;692,2;749,5;104,9;46,1;2;35;20;Weld Neck Flange DN 600 SA-53 ASME B16.5-2013 Class 150	
ASME;ASME B16.5-2013 WN Class 300;Pipe Flanges and Flanged Fittings;15;21,3;38;95;34,9;66,7;38,3;12,7;2;16;4;Weld Neck Flange DN 15 SA-53 ASME B16.5-2013 Class 300	
ASME;ASME B16.5-2013 WN Class 300;Pipe Flanges and Flanged Fittings;20;26,7;48;115;42,9;82,6;41,7;14,3;2;20;4;Weld Neck Flange DN 20 SA-53 ASME B16.5-2013 Class 300	
ASME;ASME B16.5-2013 WN Class 300;Pipe Flanges and Flanged Fittings;25;33,4;54;125;50,8;88,9;44,1;15,9;2;20;4;Weld Neck Flange DN 25 SA-53 ASME B16.5-2013 Class 300	
ASME;ASME B16.5-2013 WN Class 300;Pipe Flanges and Flanged Fittings;32;42,2;64;135;63,5;98,4;46,5;17,5;2;20;4;Weld Neck Flange DN 32 SA-53 ASME B16.5-2013 Class 300	
ASME;ASME B16.5-2013 WN Class 300;Pipe Flanges and Flanged Fittings;40;48,3;70;155;73;114,3;47,9;19,1;2;23;4;Weld Neck Flange DN 40 SA-53 ASME B16.5-2013 Class 300	
ASME;ASME B16.5-2013 WN Class 300;Pipe Flanges and Flanged Fittings;50;60,3;84;165;92,1;127;47,3;20,7;2;20;8;Weld Neck Flange DN 50 SA-53 ASME B16.5-2013 Class 300	
ASME;ASME B16.5-2013 WN Class 300;Pipe Flanges and Flanged Fittings;65;73;100;190;104,8;149,2;51,1;23,9;2;23;8;Weld Neck Flange DN 65 SA-53 ASME B16.5-2013 Class 300	
ASME;ASME B16.5-2013 WN Class 300;Pipe Flanges and Flanged Fittings;80;88,9;117;210;127;168,3;51;27;2;23;8;Weld Neck Flange DN 80 SA-53 ASME B16.5-2013 Class 300	
ASME;ASME B16.5-2013 WN Class 300;Pipe Flanges and Flanged Fittings;90;101,6;133;230;139,7;184,2;50,4;28,6;2;23;8;Weld Neck Flange DN 90 SA-53 ASME B16.5-2013 Class 300	
ASME;ASME B16.5-2013 WN Class 300;Pipe Flanges and Flanged Fittings;100;114,3;146;255;157,2;200;53,8;30,2;2;23;8;Weld Neck Flange DN 100 SA-53 ASME B16.5-2013 Class 300	
ASME;ASME B16.5-2013 WN Class 300;Pipe Flanges and Flanged Fittings;125;141,3;178;280;185,7;235;63,6;33,4;2;23;8;Weld Neck Flange DN 125 SA-53 ASME B16.5-2013 Class 300	
ASME;ASME B16.5-2013 WN Class 300;Pipe Flanges and Flanged Fittings;150;168,3;206;320;215,9;269,9;62;35;2;23;12;Weld Neck Flange DN 150 SA-53 ASME B16.5-2013 Class 300	
ASME;ASME B16.5-2013 WN Class 300;Pipe Flanges and Flanged Fittings;200;219,1;260;380;269,9;330,2;70,3;39,7;2;26;12;Weld Neck Flange DN 200 SA-53 ASME B16.5-2013 Class 300	
ASME;ASME B16.5-2013 WN Class 300;Pipe Flanges and Flanged Fittings;250;273;321;445;323,8;387,4;69,9;46,1;2;29;16;Weld Neck Flange DN 250 SA-53 ASME B16.5-2013 Class 300	
ASME;ASME B16.5-2013 WN Class 300;Pipe Flanges and Flanged Fittings;300;323,8;375;520;381;450,8;79,7;49,3;2;32;16;Weld Neck Flange DN 300 SA-53 ASME B16.5-2013 Class 300	
ASME;ASME B16.5-2013 WN Class 300;Pipe Flanges and Flanged Fittings;350;355,6;425;585;412,8;514,4;88,6;52,4;2;32;20;Weld Neck Flange DN 350 SA-53 ASME B16.5-2013 Class 300	
ASME;ASME B16.5-2013 WN Class 300;Pipe Flanges and Flanged Fittings;400;406,4;483;650;469,9;571,5;88,4;55,6;2;35;20;Weld Neck Flange DN 400 SA-53 ASME B16.5-2013 Class 300	
ASME;ASME B16.5-2013 WN Class 300;Pipe Flanges and Flanged Fittings;450;457;533;710;533,4;628,6;98,2;58,8;2;35;24;Weld Neck Flange DN 450 SA-53 ASME B16.5-2013 Class 300	
ASME;ASME B16.5-2013 WN Class 300;Pipe Flanges and Flanged Fittings;500;508;587;775;584,2;685,8;98;62;2;35;24;Weld Neck Flange DN 500 SA-53 ASME B16.5-2013 Class 300	
ASME;ASME B16.5-2013 WN Class 300;Pipe Flanges and Flanged Fittings;600;610;702;915;692,2;812,8;98,7;68,3;2;42;24;Weld Neck Flange DN 600 SA-53 ASME B16.5-2013 Class 300	
ASME;ASME B16.5-2013 WN Class 400;Pipe Flanges and Flanged Fittings;15;21,3;38;95;34,9;66,7;37,7;14,3;7;16;4;Weld Neck Flange DN 15 SA-53 ASME B16.5-2013 Class 400	
ASME;ASME B16.5-2013 WN Class 400;Pipe Flanges and Flanged Fittings;20;26,7;48;115;42,9;82,6;41,1;15,9;7;20;4;Weld Neck Flange DN 20 SA-53 ASME B16.5-2013 Class 400	
ASME;ASME B16.5-2013 WN Class 400;Pipe Flanges and Flanged Fittings;25;33,4;54;125;50,8;88,9;44,5;17,5;7;20;4;Weld Neck Flange DN 25 SA-53 ASME B16.5-2013 Class 400	
ASME;ASME B16.5-2013 WN Class 400;Pipe Flanges and Flanged Fittings;32;42,2;64;135;63,5;98,4;46,3;20,7;7;20;4;Weld Neck Flange DN 32 SA-53 ASME B16.5-2013 Class 400	
ASME;ASME B16.5-2013 WN Class 400;Pipe Flanges and Flanged Fittings;40;48,3;70;155;73;114,3;47,7;22,3;7;23;4;Weld Neck Flange DN 40 SA-53 ASME B16.5-2013 Class 400	
ASME;ASME B16.5-2013 WN Class 400;Pipe Flanges and Flanged Fittings;50;60,3;84;165;92,1;127;47,6;25,4;7;20;8;Weld Neck Flange DN 50 SA-53 ASME B16.5-2013 Class 400	
ASME;ASME B16.5-2013 WN Class 400;Pipe Flanges and Flanged Fittings;65;73;100;190;104,8;149,2;50,4;28,6;7;23;8;Weld Neck Flange DN 65 SA-53 ASME B16.5-2013 Class 400	
ASME;ASME B16.5-2013 WN Class 400;Pipe Flanges and Flanged Fittings;80;88,9;117;210;127;168,3;51,2;31,8;7;23;8;Weld Neck Flange DN 80 SA-53 ASME B16.5-2013 Class 400	
ASME;ASME B16.5-2013 WN Class 400;Pipe Flanges and Flanged Fittings;90;101,6;133;230;139,7;184,2;51;35;7;26;8;Weld Neck Flange DN 90 SA-53 ASME B16.5-2013 Class 400	
ASME;ASME B16.5-2013 WN Class 400;Pipe Flanges and Flanged Fittings;100;114,3;146;255;157,2;200;54;35;7;26;8;Weld Neck Flange DN 100 SA-53 ASME B16.5-2013 Class 400	
ASME;ASME B16.5-2013 WN Class 400;Pipe Flanges and Flanged Fittings;125;141,3;178;280;185,7;235;63,9;38,1;7;26;8;Weld Neck Flange DN 125 SA-53 ASME B16.5-2013 Class 400	
ASME;ASME B16.5-2013 WN Class 400;Pipe Flanges and Flanged Fittings;150;168,3;206;320;215,9;269,9;61,7;41,3;7;26;12;Weld Neck Flange DN 150 SA-53 ASME B16.5-2013 Class 400	
ASME;ASME B16.5-2013 WN Class 400;Pipe Flanges and Flanged Fittings;200;219,1;260;380;269,9;330;69,3;47,7;7;29;12;Weld Neck Flange DN 200 SA-53 ASME B16.5-2013 Class 400	
ASME;ASME B16.5-2013 WN Class 400;Pipe Flanges and Flanged Fittings;250;273;321;445;323,8;387,4;70;54;7;32;16;Weld Neck Flange DN 250 SA-53 ASME B16.5-2013 Class 400	
ASME;ASME B16.5-2013 WN Class 400;Pipe Flanges and Flanged Fittings;300;323,8;375;520;381;450,8;79,8;57,2;7;35;16;Weld Neck Flange DN 300 SA-53 ASME B16.5-2013 Class 400	
ASME;ASME B16.5-2013 WN Class 400;Pipe Flanges and Flanged Fittings;350;355,6;425;585;412,8;514,4;88,6;60,4;7;35;20;Weld Neck Flange DN 350 SA-53 ASME B16.5-2013 Class 400	
ASME;ASME B16.5-2013 WN Class 400;Pipe Flanges and Flanged Fittings;400;406,4;483;650;469,9;571,5;88,5;63,5;7;39;20;Weld Neck Flange DN 400 SA-53 ASME B16.5-2013 Class 400	
ASME;ASME B16.5-2013 WN Class 400;Pipe Flanges and Flanged Fittings;450;457;533;710;533,4;628,6;98,3;66,7;7;39;24;Weld Neck Flange DN 450 SA-53 ASME B16.5-2013 Class 400	
ASME;ASME B16.5-2013 WN Class 400;Pipe Flanges and Flanged Fittings;500;508;587;775;584,2;685,8;98,1;69,9;7;42;24;Weld Neck Flange DN 500 SA-53 ASME B16.5-2013 Class 400	
ASME;ASME B16.5-2013 WN Class 400;Pipe Flanges and Flanged Fittings;600;610;702;915;692,2;812,8;98,8;76,2;7;48;24;Weld Neck Flange DN 600 SA-53 ASME B16.5-2013 Class 400	
ASME;ASME B16.5-2013 WN Class 600;Pipe Flanges and Flanged Fittings;15;21,3;38;95;34,9;66,7;37,7;14,3;7;16;4;Weld Neck Flange DN 15 SA-53 ASME B16.5-2013 Class 600	
ASME;ASME B16.5-2013 WN Class 600;Pipe Flanges and Flanged Fittings;20;26,7;48;115;42,9;82,6;41,1;15,9;7;20;4;Weld Neck Flange DN 20 SA-53 ASME B16.5-2013 Class 600	
ASME;ASME B16.5-2013 WN Class 600;Pipe Flanges and Flanged Fittings;25;33,4;54;125;50,8;88,9;44,5;17,5;7;20;4;Weld Neck Flange DN 25 SA-53 ASME B16.5-2013 Class 600	
ASME;ASME B16.5-2013 WN Class 600;Pipe Flanges and Flanged Fittings;32;42,2;64;135;63,5;98,4;46,3;20,7;7;20;4;Weld Neck Flange DN 32 SA-53 ASME B16.5-2013 Class 600	
ASME;ASME B16.5-2013 WN Class 600;Pipe Flanges and Flanged Fittings;40;48,3;70;155;73;114,3;47,7;22,3;7;23;4;Weld Neck Flange DN 40 SA-53 ASME B16.5-2013 Class 600	
ASME;ASME B16.5-2013 WN Class 600;Pipe Flanges and Flanged Fittings;50;60,3;84;165;92,1;127;47,6;25,4;7;20;8;Weld Neck Flange DN 50 SA-53 ASME B16.5-2013 Class 600	
ASME;ASME B16.5-2013 WN Class 600;Pipe Flanges and Flanged Fittings;65;73;100;190;104,8;149,2;50,4;28,6;7;23;8;Weld Neck Flange DN 65 SA-53 ASME B16.5-2013 Class 600	
ASME;ASME B16.5-2013 WN Class 600;Pipe Flanges and Flanged Fittings;80;88,9;117;210;127;168,3;51,2;31,8;7;23;8;Weld Neck Flange DN 80 SA-53 ASME B16.5-2013 Class 600	
ASME;ASME B16.5-2013 WN Class 600;Pipe Flanges and Flanged Fittings;90;101,6;133;230;139,7;184,2;51;35;7;26;8;Weld Neck Flange DN 90 SA-53 ASME B16.5-2013 Class 600	
ASME;ASME B16.5-2013 WN Class 600;Pipe Flanges and Flanged Fittings;100;114,3;152;275;157,2;215,9;63,9;38,1;7;26;8;Weld Neck Flange DN 100 SA-53 ASME B16.5-2013 Class 600	
ASME;ASME B16.5-2013 WN Class 600;Pipe Flanges and Flanged Fittings;125;141,3;189;330;185,7;266,7;69,5;44,5;7;29;8;Weld Neck Flange DN 125 SA-53 ASME B16.5-2013 Class 600	
ASME;ASME B16.5-2013 WN Class 600;Pipe Flanges and Flanged Fittings;150;168,3;222;355;215,9;292,1;69,3;47,7;7;29;12;Weld Neck Flange DN 150 SA-53 ASME B16.5-2013 Class 600	
ASME;ASME B16.5-2013 WN Class 600;Pipe Flanges and Flanged Fittings;200;219,1;273;420;269,9;349,2;77,4;55,6;7;32;12;Weld Neck Flange DN 200 SA-53 ASME B16.5-2013 Class 600	
ASME;ASME B16.5-2013 WN Class 600;Pipe Flanges and Flanged Fittings;250;273;343;510;323,8;431,8;88,5;63,5;7;35;16;Weld Neck Flange DN 250 SA-53 ASME B16.5-2013 Class 600	
ASME;ASME B16.5-2013 WN Class 600;Pipe Flanges and Flanged Fittings;300;323,8;400;560;381;489;89,3;66,7;7;35;20;Weld Neck Flange DN 300 SA-53 ASME B16.5-2013 Class 600	
ASME;ASME B16.5-2013 WN Class 600;Pipe Flanges and Flanged Fittings;350;355,6;432;605;412,8;527;95,1;69,9;7;39;20;Weld Neck Flange DN 350 SA-53 ASME B16.5-2013 Class 600	
ASME;ASME B16.5-2013 WN Class 600;Pipe Flanges and Flanged Fittings;400;406,4;495;685;469,9;603,2;101,8;76,2;7;42;20;Weld Neck Flange DN 400 SA-53 ASME B16.5-2013 Class 600	
ASME;ASME B16.5-2013 WN Class 600;Pipe Flanges and Flanged Fittings;450;457;546;745;533,4;654;101,4;82,6;7;45;20;Weld Neck Flange DN 450 SA-53 ASME B16.5-2013 Class 600	
ASME;ASME B16.5-2013 WN Class 600;Pipe Flanges and Flanged Fittings;500;508;610;815;584,2;723,9;101,1;88,9;7;45;24;Weld Neck Flange DN 500 SA-53 ASME B16.5-2013 Class 600	
ASME;ASME B16.5-2013 WN Class 600;Pipe Flanges and Flanged Fittings;600;610;718;940;692,2;838,2;101,4;101,6;7;51;24;Weld Neck Flange DN 600 SA-53 ASME B16.5-2013 Class 600	
ASME;ASME B16.5-2013 WN Class 900;Pipe Flanges and Flanged Fittings;15;21,3;38;120;34,9;82,6;37,7;22,3;7;23;4;Weld Neck Flange DN 15 SA-53 ASME B16.5-2013 Class 900	
ASME;ASME B16.5-2013 WN Class 900;Pipe Flanges and Flanged Fittings;20;26,7;44;130;42,9;88,9;44,6;25,4;7;23;4;Weld Neck Flange DN 20 SA-53 ASME B16.5-2013 Class 900	
ASME;ASME B16.5-2013 WN Class 900;Pipe Flanges and Flanged Fittings;25;33,4;52;150;50,8;101,6;44,4;28,6;7;26;4;Weld Neck Flange DN 25 SA-53 ASME B16.5-2013 Class 900	
ASME;ASME B16.5-2013 WN Class 900;Pipe Flanges and Flanged Fittings;32;42,2;64;160;63,5;111,1;44,4;28,6;7;26;4;Weld Neck Flange DN 32 SA-53 ASME B16.5-2013 Class 900	
ASME;ASME B16.5-2013 WN Class 900;Pipe Flanges and Flanged Fittings;40;48,3;70;180;73;123,8;51,2;31,8;7;29;4;Weld Neck Flange DN 40 SA-53 ASME B16.5-2013 Class 900	
ASME;ASME B16.5-2013 WN Class 900;Pipe Flanges and Flanged Fittings;50;60,3;105;215;92,1;165,1;63,9;38,1;7;26;8;Weld Neck Flange DN 50 SA-53 ASME B16.5-2013 Class 900	
ASME;ASME B16.5-2013 WN Class 900;Pipe Flanges and Flanged Fittings;65;73;124;245;104,8;190,5;63,7;41,3;7;29;8;Weld Neck Flange DN 65 SA-53 ASME B16.5-2013 Class 900	
ASME;ASME B16.5-2013 WN Class 900;Pipe Flanges and Flanged Fittings;80;88,9;127;240;127;190,5;63,9;38,1;7;26;8;Weld Neck Flange DN 80 SA-53 ASME B16.5-2013 Class 900	
ASME;ASME B16.5-2013 WN Class 900;Pipe Flanges and Flanged Fittings;100;114,3;159;290;157,2;235;69,5;44,5;7;32;8;Weld Neck Flange DN 100 SA-53 ASME B16.5-2013 Class 900	
ASME;ASME B16.5-2013 WN Class 900;Pipe Flanges and Flanged Fittings;125;141,3;190;350;185,7;279,4;76,2;50,8;7;35;12;Weld Neck Flange DN 125 SA-53 ASME B16.5-2013 Class 900	
ASME;ASME B16.5-2013 WN Class 900;Pipe Flanges and Flanged Fittings;150;168,3;235;380;215,9;317,5;84,4;55,6;7;32;12;Weld Neck Flange DN 150 SA-53 ASME B16.5-2013 Class 900	
ASME;ASME B16.5-2013 WN Class 900;Pipe Flanges and Flanged Fittings;200;219,1;298;470;269,9;393,7;98,5;63,5;7;39;16;Weld Neck Flange DN 200 SA-53 ASME B16.5-2013 Class 900	
ASME;ASME B16.5-2013 WN Class 900;Pipe Flanges and Flanged Fittings;250;273;368;545;323,8;469,9;114,1;69,9;7;39;20;Weld Neck Flange DN 250 SA-53 ASME B16.5-2013 Class 900	
ASME;ASME B16.5-2013 WN Class 900;Pipe Flanges and Flanged Fittings;300;323,8;419;610;381;533,4;120,6;79,4;7;39;20;Weld Neck Flange DN 300 SA-53 ASME B16.5-2013 Class 900	
ASME;ASME B16.5-2013 WN Class 900;Pipe Flanges and Flanged Fittings;350;355,6;451;640;412,8;558,8;127,2;85,8;7;42;20;Weld Neck Flange DN 350 SA-53 ASME B16.5-2013 Class 900	
ASME;ASME B16.5-2013 WN Class 900;Pipe Flanges and Flanged Fittings;400;406,4;508;705;469,9;616;127,1;88,9;7;45;20;Weld Neck Flange DN 400 SA-53 ASME B16.5-2013 Class 900	
ASME;ASME B16.5-2013 WN Class 900;Pipe Flanges and Flanged Fittings;450;457;565;785;533,4;685,8;127,4;101,6;7;51;20;Weld Neck Flange DN 450 SA-53 ASME B16.5-2013 Class 900	
ASME;ASME B16.5-2013 WN Class 900;Pipe Flanges and Flanged Fittings;500;508;622;855;584,2;749,3;140;108;7;54;20;Weld Neck Flange DN 500 SA-53 ASME B16.5-2013 Class 900	
ASME;ASME B16.5-2013 WN Class 900;Pipe Flanges and Flanged Fittings;600;610;749;1040;692,2;901,7;152,3;139,7;7;67;20;Weld Neck Flange DN 600 SA-53 ASME B16.5-2013 Class 900	
ASME;ASME B16.5-2013 WN Class 1500;Pipe Flanges and Flanged Fittings;15;21,3;38;120;34,9;82,6;37,7;22,3;7;23;4;Weld Neck Flange DN 15 SA-53 ASME B16.5-2013 Class 1500	
ASME;ASME B16.5-2013 WN Class 1500;Pipe Flanges and Flanged Fittings;20;26,7;44;130;42,9;88,9;44,6;25,4;7;23;4;Weld Neck Flange DN 20 SA-53 ASME B16.5-2013 Class 1500	
ASME;ASME B16.5-2013 WN Class 1500;Pipe Flanges and Flanged Fittings;25;33,4;52;150;50,8;101,6;44,4;28,6;7;26;4;Weld Neck Flange DN 25 SA-53 ASME B16.5-2013 Class 1500	
ASME;ASME B16.5-2013 WN Class 1500;Pipe Flanges and Flanged Fittings;32;42,2;64;160;63,5;111,1;44,4;28,6;7;26;4;Weld Neck Flange DN 32 SA-53 ASME B16.5-2013 Class 1500	
ASME;ASME B16.5-2013 WN Class 1500;Pipe Flanges and Flanged Fittings;40;48,3;70;180;73;123,8;51,2;31,8;7;29;4;Weld Neck Flange DN 40 SA-53 ASME B16.5-2013 Class 1500	
ASME;ASME B16.5-2013 WN Class 1500;Pipe Flanges and Flanged Fittings;50;60,3;105;215;92,1;165,1;63,9;38,1;7;26;8;Weld Neck Flange DN 50 SA-53 ASME B16.5-2013 Class 1500	
ASME;ASME B16.5-2013 WN Class 1500;Pipe Flanges and Flanged Fittings;65;73;124;245;104,8;190,5;63,7;41,3;7;29;8;Weld Neck Flange DN 65 SA-53 ASME B16.5-2013 Class 1500	
ASME;ASME B16.5-2013 WN Class 1500;Pipe Flanges and Flanged Fittings;80;88,9;133;265;127;203,2;69,3;47,7;7;32;8;Weld Neck Flange DN 80 SA-53 ASME B16.5-2013 Class 1500	
ASME;ASME B16.5-2013 WN Class 1500;Pipe Flanges and Flanged Fittings;100;114,3;162;310;157,2;241,3;70;54;7;35;8;Weld Neck Flange DN 100 SA-53 ASME B16.5-2013 Class 1500	
ASME;ASME B16.5-2013 WN Class 1500;Pipe Flanges and Flanged Fittings;125;141,3;197;375;185,7;292,1;82,9;73,1;7;42;8;Weld Neck Flange DN 125 SA-53 ASME B16.5-2013 Class 1500	
ASME;ASME B16.5-2013 WN Class 1500;Pipe Flanges and Flanged Fittings;150;168,3;229;395;215,9;317,5;88,4;82,6;7;39;12;Weld Neck Flange DN 150 SA-53 ASME B16.5-2013 Class 1500	
ASME;ASME B16.5-2013 WN Class 1500;Pipe Flanges and Flanged Fittings;200;219,1;292;485;269,9;393,7;120,9;92,1;7;45;12;Weld Neck Flange DN 200 SA-53 ASME B16.5-2013 Class 1500	
ASME;ASME B16.5-2013 WN Class 1500;Pipe Flanges and Flanged Fittings;250;273;368;585;323,8;482,6;146;108;7;51;12;Weld Neck Flange DN 250 SA-53 ASME B16.5-2013 Class 1500	
ASME;ASME B16.5-2013 WN Class 1500;Pipe Flanges and Flanged Fittings;300;323,8;451;675;381;571,5;159,1;123,9;7;54;16;Weld Neck Flange DN 300 SA-53 ASME B16.5-2013 Class 1500	
ASME;ASME B16.5-2013 WN Class 1500;Pipe Flanges and Flanged Fittings;350;355,6;495;750;412,8;635;164,6;133,4;7;61;16;Weld Neck Flange DN 350 SA-53 ASME B16.5-2013 Class 1500	
ASME;ASME B16.5-2013 WN Class 1500;Pipe Flanges and Flanged Fittings;400;406,4;552;825;469,9;704,8;164,9;146,1;7;67;16;Weld Neck Flange DN 400 SA-53 ASME B16.5-2013 Class 1500	
ASME;ASME B16.5-2013 WN Class 1500;Pipe Flanges and Flanged Fittings;450;457;597;915;533,4;774,7;165;162;7;74;16;Weld Neck Flange DN 450 SA-53 ASME B16.5-2013 Class 1500	
ASME;ASME B16.5-2013 WN Class 1500;Pipe Flanges and Flanged Fittings;500;508;641;985;584,2;831,8;178,2;177,8;7;80;16;Weld Neck Flange DN 500 SA-53 ASME B16.5-2013 Class 1500	
ASME;ASME B16.5-2013 WN Class 1500;Pipe Flanges and Flanged Fittings;600;610;762;1170;692,2;990,6;202,8;203,2;7;93;16;Weld Neck Flange DN 600 SA-53 ASME B16.5-2013 Class 1500	
ASME;ASME B16.5-2013 WN Class 2500;Pipe Flanges and Flanged Fittings;15;21,3;43;135;34,9;88,9;42,8;30,2;7;23;4;Weld Neck Flange DN 15 SA-53 ASME B16.5-2013 Class 2500	
ASME;ASME B16.5-2013 WN Class 2500;Pipe Flanges and Flanged Fittings;20;26,7;51;140;42,9;95,2;47,2;31,8;7;23;4;Weld Neck Flange DN 20 SA-53 ASME B16.5-2013 Class 2500	
ASME;ASME B16.5-2013 WN Class 2500;Pipe Flanges and Flanged Fittings;25;33,4;57;160;50,8;108;54;35;7;26;4;Weld Neck Flange DN 25 SA-53 ASME B16.5-2013 Class 2500	
ASME;ASME B16.5-2013 WN Class 2500;Pipe Flanges and Flanged Fittings;32;42,2;73;185;63,5;130,2;56,9;38,1;7;29;4;Weld Neck Flange DN 32 SA-53 ASME B16.5-2013 Class 2500	
ASME;ASME B16.5-2013 WN Class 2500;Pipe Flanges and Flanged Fittings;40;48,3;79;205;73;146;66,5;44,5;7;32;4;Weld Neck Flange DN 40 SA-53 ASME B16.5-2013 Class 2500	
ASME;ASME B16.5-2013 WN Class 2500;Pipe Flanges and Flanged Fittings;50;60,3;95;235;92,1;171,4;76,1;50,9;7;29;8;Weld Neck Flange DN 50 SA-53 ASME B16.5-2013 Class 2500	
ASME;ASME B16.5-2013 WN Class 2500;Pipe Flanges and Flanged Fittings;65;73;114;265;104,8;196,8;85,8;57,2;7;32;8;Weld Neck Flange DN 65 SA-53 ASME B16.5-2013 Class 2500	
ASME;ASME B16.5-2013 WN Class 2500;Pipe Flanges and Flanged Fittings;80;88,9;133;305;127;228,6;101,3;66,7;7;35;8;Weld Neck Flange DN 80 SA-53 ASME B16.5-2013 Class 2500	
ASME;ASME B16.5-2013 WN Class 2500;Pipe Flanges and Flanged Fittings;100;114,3;165;355;157,2;273;113,8;76,2;7;42;8;Weld Neck Flange DN 100 SA-53 ASME B16.5-2013 Class 2500	
ASME;ASME B16.5-2013 WN Class 2500;Pipe Flanges and Flanged Fittings;125;141,3;203;420;185,7;323,8;136,9;92,1;7;48;8;Weld Neck Flange DN 125 SA-53 ASME B16.5-2013 Class 2500	
ASME;ASME B16.5-2013 WN Class 2500;Pipe Flanges and Flanged Fittings;150;168,3;235;485;215,9;368,3;165;108;7;54;8;Weld Neck Flange DN 150 SA-53 ASME B16.5-2013 Class 2500	
ASME;ASME B16.5-2013 WN Class 2500;Pipe Flanges and Flanged Fittings;200;219,1;305;550;269,9;438,2;191;127;7;54;12;Weld Neck Flange DN 200 SA-53 ASME B16.5-2013 Class 2500	
ASME;ASME B16.5-2013 WN Class 2500;Pipe Flanges and Flanged Fittings;250;273;375;675;323,8;539,8;253,9;165,1;7;67;12;Weld Neck Flange DN 250 SA-53 ASME B16.5-2013 Class 2500	
ASME;ASME B16.5-2013 WN Class 2500;Pipe Flanges and Flanged Fittings;300;323,8;441;760;381;619,1;279,8;184,2;7;74;12;Weld Neck Flange DN 300 SA-53 ASME B16.5-2013 Class 2500	
ASME;ASME B16.5-2013 SO Class 150;Pipe Flanges and Flanged Fittings;15;30;30;90;34,9;60,3;4,4;9,6;2;16;4;Slip On Flange DN 15 SA-53 ASME B16.5-2013 Class 150
ASME;ASME B16.5-2013 SO Class 150;Pipe Flanges and Flanged Fittings;20;38;38;100;42,9;69,9;2,8;11,2;2;16;4;Slip On Flange DN 20 SA-53 ASME B16.5-2013 Class 150
ASME;ASME B16.5-2013 SO Class 150;Pipe Flanges and Flanged Fittings;25;49;49;110;50,8;79,4;3,3;12,7;2;16;4;Slip On Flange DN 25 SA-53 ASME B16.5-2013 Class 150
ASME;ASME B16.5-2013 SO Class 150;Pipe Flanges and Flanged Fittings;32;59;59;115;63,5;88,9;4,7;14,3;2;16;4;Slip On Flange DN 32 SA-53 ASME B16.5-2013 Class 150
ASME;ASME B16.5-2013 SO Class 150;Pipe Flanges and Flanged Fittings;40;65;65;125;73;98,4;5,1;15,9;2;16;4;Slip On Flange DN 40 SA-53 ASME B16.5-2013 Class 150
ASME;ASME B16.5-2013 SO Class 150;Pipe Flanges and Flanged Fittings;50;78;78;150;92,1;120,7;6,5;17,5;2;20;4;Slip On Flange DN 50 SA-53 ASME B16.5-2013 Class 150
ASME;ASME B16.5-2013 SO Class 150;Pipe Flanges and Flanged Fittings;65;90;90;180;104,8;139,7;6,3;20,7;2;20;4;Slip On Flange DN 65 SA-53 ASME B16.5-2013 Class 150
ASME;ASME B16.5-2013 SO Class 150;Pipe Flanges and Flanged Fittings;80;108;108;190;127;152,4;6,7;22,3;2;20;4;Slip On Flange DN 80 SA-53 ASME B16.5-2013 Class 150
ASME;ASME B16.5-2013 SO Class 150;Pipe Flanges and Flanged Fittings;90;122;122;215;139,7;177,8;7,7;22,3;2;20;8;Slip On Flange DN 90 SA-53 ASME B16.5-2013 Class 150
ASME;ASME B16.5-2013 SO Class 150;Pipe Flanges and Flanged Fittings;100;135;135;230;157,2;190,5;9,7;22,3;2;20;8;Slip On Flange DN 100 SA-53 ASME B16.5-2013 Class 150
ASME;ASME B16.5-2013 SO Class 150;Pipe Flanges and Flanged Fittings;125;164;164;255;185,7;215,9;12,7;22,3;2;23;8;Slip On Flange DN 125 SA-53 ASME B16.5-2013 Class 150
ASME;ASME B16.5-2013 SO Class 150;Pipe Flanges and Flanged Fittings;150;192;192;280;215,9;241,3;14,1;23,9;2;23;8;Slip On Flange DN 150 SA-53 ASME B16.5-2013 Class 150
ASME;ASME B16.5-2013 SO Class 150;Pipe Flanges and Flanged Fittings;200;246;246;345;269,9;298,5;16;27;2;23;8;Slip On Flange DN 200 SA-53 ASME B16.5-2013 Class 150
ASME;ASME B16.5-2013 SO Class 150;Pipe Flanges and Flanged Fittings;250;305;305;405;323,8;362;19,4;28,6;2;26;12;Slip On Flange DN 250 SA-53 ASME B16.5-2013 Class 150
ASME;ASME B16.5-2013 SO Class 150;Pipe Flanges and Flanged Fittings;300;365;365;485;381;431,8;23,8;30,2;2;26;12;Slip On Flange DN 300 SA-53 ASME B16.5-2013 Class 150
ASME;ASME B16.5-2013 SO Class 150;Pipe Flanges and Flanged Fittings;350;400;400;535;412,8;476,3;22,6;33,4;2;29;12;Slip On Flange DN 350 SA-53 ASME B16.5-2013 Class 150
ASME;ASME B16.5-2013 SO Class 150;Pipe Flanges and Flanged Fittings;400;457;457;595;469,9;539,8;27;35;2;29;16;Slip On Flange DN 400 SA-53 ASME B16.5-2013 Class 150
ASME;ASME B16.5-2013 SO Class 150;Pipe Flanges and Flanged Fittings;450;505;505;635;533,4;577,9;28,9;38,1;2;32;16;Slip On Flange DN 450 SA-53 ASME B16.5-2013 Class 150
ASME;ASME B16.5-2013 SO Class 150;Pipe Flanges and Flanged Fittings;500;559;559;700;584,2;635;29,7;41,3;2;32;20;Slip On Flange DN 500 SA-53 ASME B16.5-2013 Class 150
ASME;ASME B16.5-2013 SO Class 150;Pipe Flanges and Flanged Fittings;600;663;663;815;692,2;749,5;34,9;46,1;2;35;20;Slip On Flange DN 600 SA-53 ASME B16.5-2013 Class 150
ASME;ASME B16.5-2013 SO Class 300; Pipe Flanges and Flanged Fittings;15;38;38;95;34,9;66,7;8,3;12,7;2;16;4;Slip On Flange DN 15 SA-53 ASME B16.5-2013 Class 300
ASME;ASME B16.5-2013 SO Class 300; Pipe Flanges and Flanged Fittings;20;48;48;115;42,9;82,6;9,7;14,3;2;20;4;Slip On Flange DN 20 SA-53 ASME B16.5-2013 Class 300
ASME;ASME B16.5-2013 SO Class 300; Pipe Flanges and Flanged Fittings;25;54;54;125;50,8;88,9;9,1;15,9;2;20;4;Slip On Flange DN 25 SA-53 ASME B16.5-2013 Class 300
ASME;ASME B16.5-2013 SO Class 300; Pipe Flanges and Flanged Fittings;32;64;64;135;63,5;98,4;7,5;17,5;2;20;4;Slip On Flange DN 32 SA-53 ASME B16.5-2013 Class 300
ASME;ASME B16.5-2013 SO Class 300; Pipe Flanges and Flanged Fittings;40;70;70;155;73;114,3;9,9;19,1;2;23;4;Slip On Flange DN 40 SA-53 ASME B16.5-2013 Class 300
ASME;ASME B16.5-2013 SO Class 300; Pipe Flanges and Flanged Fittings;50;84;84;165;92,1;127;11,3;20,7;2;20;8;Slip On Flange DN 50 SA-53 ASME B16.5-2013 Class 300
ASME;ASME B16.5-2013 SO Class 300; Pipe Flanges and Flanged Fittings;65;100;100;190;104,8;149,2;13,1;23,9;2;23;8;Slip On Flange DN 65 SA-53 ASME B16.5-2013 Class 300
ASME;ASME B16.5-2013 SO Class 300; Pipe Flanges and Flanged Fittings;80;117;117;210;127;168,3;14;27;2;23;8;Slip On Flange DN 80 SA-53 ASME B16.5-2013 Class 300
ASME;ASME B16.5-2013 SO Class 300; Pipe Flanges and Flanged Fittings;90;133;133;230;139,7;184,2;14,4;28,6;2;23;8;Slip On Flange DN 90 SA-53 ASME B16.5-2013 Class 300
ASME;ASME B16.5-2013 SO Class 300; Pipe Flanges and Flanged Fittings;100;146;146;255;157,2;200;15,8;30,2;2;23;8;Slip On Flange DN 100 SA-53 ASME B16.5-2013 Class 300
ASME;ASME B16.5-2013 SO Class 300; Pipe Flanges and Flanged Fittings;125;178;178;280;185,7;235;15,6;33,4;2;23;8;Slip On Flange DN 125 SA-53 ASME B16.5-2013 Class 300
ASME;ASME B16.5-2013 SO Class 300; Pipe Flanges and Flanged Fittings;150;206;206;320;215,9;269,9;16;35;2;23;12;Slip On Flange DN 150 SA-53 ASME B16.5-2013 Class 300
ASME;ASME B16.5-2013 SO Class 300; Pipe Flanges and Flanged Fittings;200;260;260;380;269,9;330,2;20,3;39,7;2;26;12;Slip On Flange DN 200 SA-53 ASME B16.5-2013 Class 300
ASME;ASME B16.5-2013 SO Class 300; Pipe Flanges and Flanged Fittings;250;321;321;445;323,8;387,4;18,9;46,1;2;29;16;Slip On Flange DN 250 SA-53 ASME B16.5-2013 Class 300
ASME;ASME B16.5-2013 SO Class 300; Pipe Flanges and Flanged Fittings;300;375;375;520;381;450,8;21,7;49,3;2;32;16;Slip On Flange DN 300 SA-53 ASME B16.5-2013 Class 300
ASME;ASME B16.5-2013 SO Class 300; Pipe Flanges and Flanged Fittings;350;425;425;585;412,8;514,4;22,6;52,4;2;32;20;Slip On Flange DN 350 SA-53 ASME B16.5-2013 Class 300
ASME;ASME B16.5-2013 SO Class 300; Pipe Flanges and Flanged Fittings;400;483;483;650;469,9;571,5;25,4;55,6;2;35;20;Slip On Flange DN 400 SA-53 ASME B16.5-2013 Class 300
ASME;ASME B16.5-2013 SO Class 300; Pipe Flanges and Flanged Fittings;450;533;533;710;533,4;628,6;28,2;58,8;2;35;24;Slip On Flange DN 450 SA-53 ASME B16.5-2013 Class 300
ASME;ASME B16.5-2013 SO Class 300; Pipe Flanges and Flanged Fittings;500;587;587;775;584,2;685,8;32;62;2;35;24;Slip On Flange DN 500 SA-53 ASME B16.5-2013 Class 300
ASME;ASME B16.5-2013 SO Class 300; Pipe Flanges and Flanged Fittings;600;702;702;915;692,2;812,8;36,7;68,3;2;42;24;Slip On Flange DN 600 SA-53 ASME B16.5-2013 Class 300
ASME;ASME B16.5-2013 SO Class 400; Pipe Flanges and Flanged Fittings;15;38;38;95;34,9;66,7;7,7;14,3;7;16;4;Slip On Flange DN 15 SA-53 ASME B16.5-2013 Class 400
ASME;ASME B16.5-2013 SO Class 400; Pipe Flanges and Flanged Fittings;20;48;48;115;42,9;82,6;9,1;15,9;7;20;4;Slip On Flange DN 20 SA-53 ASME B16.5-2013 Class 400
ASME;ASME B16.5-2013 SO Class 400; Pipe Flanges and Flanged Fittings;25;54;54;125;50,8;88,9;9,5;17,5;7;20;4;Slip On Flange DN 25 SA-53 ASME B16.5-2013 Class 400
ASME;ASME B16.5-2013 SO Class 400; Pipe Flanges and Flanged Fittings;32;64;64;135;63,5;98,4;8,3;20,7;7;20;4;Slip On Flange DN 32 SA-53 ASME B16.5-2013 Class 400
ASME;ASME B16.5-2013 SO Class 400; Pipe Flanges and Flanged Fittings;40;70;70;155;73;114,3;9,7;22,3;7;23;4;Slip On Flange DN 40 SA-53 ASME B16.5-2013 Class 400
ASME;ASME B16.5-2013 SO Class 400; Pipe Flanges and Flanged Fittings;50;84;84;165;92,1;127;11,6;25,4;7;20;8;Slip On Flange DN 50 SA-53 ASME B16.5-2013 Class 400
ASME;ASME B16.5-2013 SO Class 400; Pipe Flanges and Flanged Fittings;65;100;100;190;104,8;149,2;12,4;28,6;7;23;8;Slip On Flange DN 65 SA-53 ASME B16.5-2013 Class 400
ASME;ASME B16.5-2013 SO Class 400; Pipe Flanges and Flanged Fittings;80;117;117;210;127;168,3;14,2;31,8;7;23;8;Slip On Flange DN 80 SA-53 ASME B16.5-2013 Class 400
ASME;ASME B16.5-2013 SO Class 400; Pipe Flanges and Flanged Fittings;90;133;133;230;139,7;184,2;14;35;7;26;8;Slip On Flange DN 90 SA-53 ASME B16.5-2013 Class 400
ASME;ASME B16.5-2013 SO Class 400; Pipe Flanges and Flanged Fittings;100;146;146;255;157,2;200;16;35;7;26;8;Slip On Flange DN 100 SA-53 ASME B16.5-2013 Class 400
ASME;ASME B16.5-2013 SO Class 400; Pipe Flanges and Flanged Fittings;125;178;178;280;185,7;235;15,9;38,1;7;26;8;Slip On Flange DN 125 SA-53 ASME B16.5-2013 Class 400
ASME;ASME B16.5-2013 SO Class 400; Pipe Flanges and Flanged Fittings;150;206;206;320;215,9;269,9;15,7;41,3;7;26;12;Slip On Flange DN 150 SA-53 ASME B16.5-2013 Class 400
ASME;ASME B16.5-2013 SO Class 400; Pipe Flanges and Flanged Fittings;200;260;260;380;269,9;330;20,3;47,7;7;29;12;Slip On Flange DN 200 SA-53 ASME B16.5-2013 Class 400
ASME;ASME B16.5-2013 SO Class 400; Pipe Flanges and Flanged Fittings;250;321;321;445;323,8;387,4;19;54;7;32;16;Slip On Flange DN 250 SA-53 ASME B16.5-2013 Class 400
ASME;ASME B16.5-2013 SO Class 400; Pipe Flanges and Flanged Fittings;300;375;375;520;381;450,8;21,8;57,2;7;35;16;Slip On Flange DN 300 SA-53 ASME B16.5-2013 Class 400
ASME;ASME B16.5-2013 SO Class 400; Pipe Flanges and Flanged Fittings;350;425;425;585;412,8;514,4;23,6;60,4;7;35;20;Slip On Flange DN 350 SA-53 ASME B16.5-2013 Class 400
ASME;ASME B16.5-2013 SO Class 400; Pipe Flanges and Flanged Fittings;400;483;483;650;469,9;571,5;30,5;63,5;7;39;20;Slip On Flange DN 400 SA-53 ASME B16.5-2013 Class 400
ASME;ASME B16.5-2013 SO Class 400; Pipe Flanges and Flanged Fittings;450;533;533;710;533,4;628,6;31,3;66,7;7;39;24;Slip On Flange DN 450 SA-53 ASME B16.5-2013 Class 400
ASME;ASME B16.5-2013 SO Class 400; Pipe Flanges and Flanged Fittings;500;587;587;775;584,2;685,8;32,1;69,9;7;42;24;Slip On Flange DN 500 SA-53 ASME B16.5-2013 Class 400
ASME;ASME B16.5-2013 SO Class 400; Pipe Flanges and Flanged Fittings;600;702;702;915;692,2;812,8;37,8;76,2;7;48;24;Slip On Flange DN 600 SA-53 ASME B16.5-2013 Class 400
ASME;ASME B16.5-2013 SO Class 600; Pipe Flanges and Flanged Fittings;15;38;38;95;34,9;66,7;7,7;14,3;7;16;4;Slip On Flange DN 15 SA-53 ASME B16.5-2013 Class 600
ASME;ASME B16.5-2013 SO Class 600; Pipe Flanges and Flanged Fittings;20;48;48;115;42,9;82,6;9,1;15,9;7;20;4;Slip On Flange DN 20 SA-53 ASME B16.5-2013 Class 600
ASME;ASME B16.5-2013 SO Class 600; Pipe Flanges and Flanged Fittings;25;54;54;125;50,8;88,9;9,5;17,5;7;20;4;Slip On Flange DN 25 SA-53 ASME B16.5-2013 Class 600
ASME;ASME B16.5-2013 SO Class 600; Pipe Flanges and Flanged Fittings;32;64;64;135;63,5;98,4;8,3;20,7;7;20;4;Slip On Flange DN 32 SA-53 ASME B16.5-2013 Class 600
ASME;ASME B16.5-2013 SO Class 600; Pipe Flanges and Flanged Fittings;40;70;70;155;73;114,3;9,7;22,3;7;23;4;Slip On Flange DN 40 SA-53 ASME B16.5-2013 Class 600
ASME;ASME B16.5-2013 SO Class 600; Pipe Flanges and Flanged Fittings;50;84;84;165;92,1;127;11,6;25,4;7;20;8;Slip On Flange DN 50 SA-53 ASME B16.5-2013 Class 600
ASME;ASME B16.5-2013 SO Class 600; Pipe Flanges and Flanged Fittings;65;100;100;190;104,8;149,2;12,4;28,6;7;23;8;Slip On Flange DN 65 SA-53 ASME B16.5-2013 Class 600
ASME;ASME B16.5-2013 SO Class 600; Pipe Flanges and Flanged Fittings;80;117;117;210;127;168,3;14,2;31,8;7;23;8;Slip On Flange DN 80 SA-53 ASME B16.5-2013 Class 600
ASME;ASME B16.5-2013 SO Class 600; Pipe Flanges and Flanged Fittings;90;133;133;230;139,7;184,2;14;35;7;26;8;Slip On Flange DN 90 SA-53 ASME B16.5-2013 Class 600
ASME;ASME B16.5-2013 SO Class 600; Pipe Flanges and Flanged Fittings;100;152;152;275;157,2;215,9;15,9;38,1;7;26;8;Slip On Flange DN 100 SA-53 ASME B16.5-2013 Class 600
ASME;ASME B16.5-2013 SO Class 600; Pipe Flanges and Flanged Fittings;125;189;189;330;185,7;266,7;15,5;44,5;7;29;8;Slip On Flange DN 125 SA-53 ASME B16.5-2013 Class 600
ASME;ASME B16.5-2013 SO Class 600; Pipe Flanges and Flanged Fittings;150;222;222;355;215,9;292,1;19,3;47,7;7;29;12;Slip On Flange DN 150 SA-53 ASME B16.5-2013 Class 600
ASME;ASME B16.5-2013 SO Class 600; Pipe Flanges and Flanged Fittings;200;273;273;420;269,9;349,2;20,4;55,6;7;32;12;Slip On Flange DN 200 SA-53 ASME B16.5-2013 Class 600
ASME;ASME B16.5-2013 SO Class 600; Pipe Flanges and Flanged Fittings;250;343;343;510;323,8;431,8;22,5;63,5;7;35;16;Slip On Flange DN 250 SA-53 ASME B16.5-2013 Class 600
ASME;ASME B16.5-2013 SO Class 600; Pipe Flanges and Flanged Fittings;300;400;400;560;381;489;25,3;66,7;7;35;20;Slip On Flange DN 300 SA-53 ASME B16.5-2013 Class 600
ASME;ASME B16.5-2013 SO Class 600; Pipe Flanges and Flanged Fittings;350;432;432;605;412,8;527;24,1;69,9;7;39;20;Slip On Flange DN 350 SA-53 ASME B16.5-2013 Class 600
ASME;ASME B16.5-2013 SO Class 600; Pipe Flanges and Flanged Fittings;400;495;495;685;469,9;603,2;29,8;76,2;7;42;20;Slip On Flange DN 400 SA-53 ASME B16.5-2013 Class 600
ASME;ASME B16.5-2013 SO Class 600; Pipe Flanges and Flanged Fittings;450;546;546;745;533,4;654;34,4;82,6;7;45;20;Slip On Flange DN 450 SA-53 ASME B16.5-2013 Class 600
ASME;ASME B16.5-2013 SO Class 600; Pipe Flanges and Flanged Fittings;500;610;610;815;584,2;723,9;38,1;88,9;7;45;24;Slip On Flange DN 500 SA-53 ASME B16.5-2013 Class 600
ASME;ASME B16.5-2013 SO Class 600; Pipe Flanges and Flanged Fittings;600;718;718;940;692,2;838,2;38,4;101,6;7;51;24;Slip On Flange DN 600 SA-53 ASME B16.5-2013 Class 600
ASME;ASME B16.5-2013 SO Class 900; Pipe Flanges and Flanged Fittings;15;38;38;120;34,9;82,6;9,7;22,3;7;23;4;Slip On Flange DN 15 SA-53 ASME B16.5-2013 Class 900
ASME;ASME B16.5-2013 SO Class 900; Pipe Flanges and Flanged Fittings;20;44;44;130;42,9;88,9;9,6;25,4;7;23;4;Slip On Flange DN 20 SA-53 ASME B16.5-2013 Class 900
ASME;ASME B16.5-2013 SO Class 900; Pipe Flanges and Flanged Fittings;25;52;52;150;50,8;101,6;12,4;28,6;7;26;4;Slip On Flange DN 25 SA-53 ASME B16.5-2013 Class 900
ASME;ASME B16.5-2013 SO Class 900; Pipe Flanges and Flanged Fittings;32;64;64;160;63,5;111,1;12,4;28,6;7;26;4;Slip On Flange DN 32 SA-53 ASME B16.5-2013 Class 900
ASME;ASME B16.5-2013 SO Class 900; Pipe Flanges and Flanged Fittings;40;70;70;180;73;123,8;12,2;31,8;7;29;4;Slip On Flange DN 40 SA-53 ASME B16.5-2013 Class 900
ASME;ASME B16.5-2013 SO Class 900; Pipe Flanges and Flanged Fittings;50;105;105;215;92,1;165,1;18,9;38,1;7;26;8;Slip On Flange DN 50 SA-53 ASME B16.5-2013 Class 900
ASME;ASME B16.5-2013 SO Class 900; Pipe Flanges and Flanged Fittings;65;124;124;245;104,8;190,5;22,7;41,3;7;29;8;Slip On Flange DN 65 SA-53 ASME B16.5-2013 Class 900
ASME;ASME B16.5-2013 SO Class 900; Pipe Flanges and Flanged Fittings;80;127;127;240;127;190,5;15,9;38,1;7;26;8;Slip On Flange DN 80 SA-53 ASME B16.5-2013 Class 900
ASME;ASME B16.5-2013 SO Class 900; Pipe Flanges and Flanged Fittings;100;159;159;290;157,2;235;25,5;44,5;7;32;8;Slip On Flange DN 100 SA-53 ASME B16.5-2013 Class 900
ASME;ASME B16.5-2013 SO Class 900; Pipe Flanges and Flanged Fittings;125;190;190;350;185,7;279,4;28,2;50,8;7;35;12;Slip On Flange DN 125 SA-53 ASME B16.5-2013 Class 900
ASME;ASME B16.5-2013 SO Class 900; Pipe Flanges and Flanged Fittings;150;235;235;380;215,9;317,5;30,4;55,6;7;32;12;Slip On Flange DN 150 SA-53 ASME B16.5-2013 Class 900
ASME;ASME B16.5-2013 SO Class 900; Pipe Flanges and Flanged Fittings;200;298;298;470;269,9;393,7;38,5;63,5;7;39;16;Slip On Flange DN 200 SA-53 ASME B16.5-2013 Class 900
ASME;ASME B16.5-2013 SO Class 900; Pipe Flanges and Flanged Fittings;250;368;368;545;323,8;469,9;38,1;69,9;7;39;20;Slip On Flange DN 250 SA-53 ASME B16.5-2013 Class 900
ASME;ASME B16.5-2013 SO Class 900; Pipe Flanges and Flanged Fittings;300;419;419;610;381;533,4;37,6;79,4;7;39;20;Slip On Flange DN 300 SA-53 ASME B16.5-2013 Class 900
ASME;ASME B16.5-2013 SO Class 900; Pipe Flanges and Flanged Fittings;350;451;451;640;412,8;558,8;44,2;85,8;7;42;20;Slip On Flange DN 350 SA-53 ASME B16.5-2013 Class 900
ASME;ASME B16.5-2013 SO Class 900; Pipe Flanges and Flanged Fittings;400;508;508;705;469,9;616;44,1;88,9;7;45;20;Slip On Flange DN 400 SA-53 ASME B16.5-2013 Class 900
ASME;ASME B16.5-2013 SO Class 900; Pipe Flanges and Flanged Fittings;450;565;565;785;533,4;685,8;50,4;101,6;7;51;20;Slip On Flange DN 450 SA-53 ASME B16.5-2013 Class 900
ASME;ASME B16.5-2013 SO Class 900; Pipe Flanges and Flanged Fittings;500;622;622;855;584,2;749,3;51;108;7;54;20;Slip On Flange DN 500 SA-53 ASME B16.5-2013 Class 900
ASME;ASME B16.5-2013 SO Class 1500; Pipe Flanges and Flanged Fittings;15;38;38;120;34,9;82,6;9,7;22,3;7;23;4;Slip On Flange DN 15 SA-53 ASME B16.5-2013 Class 1500
ASME;ASME B16.5-2013 SO Class 1500; Pipe Flanges and Flanged Fittings;20;44;44;130;42,9;88,9;9,6;25,4;7;23;4;Slip On Flange DN 20 SA-53 ASME B16.5-2013 Class 1500
ASME;ASME B16.5-2013 SO Class 1500; Pipe Flanges and Flanged Fittings;25;52;52;150;50,8;101,6;12,4;28,6;7;26;4;Slip On Flange DN 25 SA-53 ASME B16.5-2013 Class 1500
ASME;ASME B16.5-2013 SO Class 1500; Pipe Flanges and Flanged Fittings;32;64;64;160;63,5;111,1;12,4;28,6;7;26;4;Slip On Flange DN 32 SA-53 ASME B16.5-2013 Class 1500
ASME;ASME B16.5-2013 SO Class 1500; Pipe Flanges and Flanged Fittings;40;70;70;180;73;123,8;12,2;31,8;7;29;4;Slip On Flange DN 40 SA-53 ASME B16.5-2013 Class 1500
ASME;ASME B16.5-2013 SO Class 1500; Pipe Flanges and Flanged Fittings;50;105;105;215;92,1;165,1;18,9;38,1;7;26;8;Slip On Flange DN 50 SA-53 ASME B16.5-2013 Class 1500
ASME;ASME B16.5-2013 SO Class 1500; Pipe Flanges and Flanged Fittings;65;124;124;245;104,8;190,5;22,7;41,3;7;29;8;Slip On Flange DN 65 SA-53 ASME B16.5-2013 Class 1500