Тип_документа;Документ;Описание_документа;Ду;Дн;Стенка;Масса;Наименование_трубопровода
ГОСТ;ГОСТ 3262-75;ТРУБЫ СТАЛЬНЫЕ ВОДОГАЗОПРОВОДНЫЕ (обыкновенные);10;17;2.2;0.8;Труба Ø10х2.2 ГОСТ 3262-75 
ГОСТ;ГОСТ 3262-75;ТРУБЫ СТАЛЬНЫЕ ВОДОГАЗОПРОВОДНЫЕ (обыкновенные);15;21.3;2.8;1.28;Труба Ø15х2.8 ГОСТ 3262-75 
ГОСТ;ГОСТ 3262-75;ТРУБЫ СТАЛЬНЫЕ ВОДОГАЗОПРОВОДНЫЕ (обыкновенные);20;26.8;2.8;1.66;Труба Ø20х2.8 ГОСТ 3262-75 
ГОСТ;ГОСТ 3262-75;ТРУБЫ СТАЛЬНЫЕ ВОДОГАЗОПРОВОДНЫЕ (обыкновенные);25;33.5;3.2;2.39;Труба Ø25х3.2 ГОСТ 3262-75 
ГОСТ;ГОСТ 3262-75;ТРУБЫ СТАЛЬНЫЕ ВОДОГАЗОПРОВОДНЫЕ (обыкновенные);32;42.3;3.2;3.09;Труба Ø32х3.2 ГОСТ 3262-75 
ГОСТ;ГОСТ 3262-75;ТРУБЫ СТАЛЬНЫЕ ВОДОГАЗОПРОВОДНЫЕ (обыкновенные);40;48;3.5;3.84;Труба Ø40х3.5 ГОСТ 3262-75 
ГОСТ;ГОСТ 3262-75;ТРУБЫ СТАЛЬНЫЕ ВОДОГАЗОПРОВОДНЫЕ (обыкновенные);50;60;3.5;4.88;Труба Ø50х3.5 ГОСТ 3262-75 
ГОСТ;ГОСТ 3262-75;ТРУБЫ СТАЛЬНЫЕ ВОДОГАЗОПРОВОДНЫЕ (обыкновенные);65;75.5;4;7.05;Труба Ø65х4 ГОСТ 3262-75 
ГОСТ;ГОСТ 3262-75;ТРУБЫ СТАЛЬНЫЕ ВОДОГАЗОПРОВОДНЫЕ (обыкновенные);80;88.5;4;8.34;Труба Ø80х4 ГОСТ 3262-75 
ГОСТ;ГОСТ 3262-75;ТРУБЫ СТАЛЬНЫЕ ВОДОГАЗОПРОВОДНЫЕ (обыкновенные);90;101.3;4;9.6;Труба Ø90х4 ГОСТ 3262-75 
ГОСТ;ГОСТ 3262-75;ТРУБЫ СТАЛЬНЫЕ ВОДОГАЗОПРОВОДНЫЕ (обыкновенные);100;114;4.5;12.15;Труба Ø100х4.5 ГОСТ 3262-75 
ГОСТ;ГОСТ 3262-75;ТРУБЫ СТАЛЬНЫЕ ВОДОГАЗОПРОВОДНЫЕ (обыкновенные);125;140;4.5;15.04;Труба Ø125х4.5 ГОСТ 3262-75 
ГОСТ;ГОСТ 3262-75;ТРУБЫ СТАЛЬНЫЕ ВОДОГАЗОПРОВОДНЫЕ (обыкновенные);150;165;4.5;17.81;Труба Ø150х4.5 ГОСТ 3262-75 
ГОСТ;ГОСТ 10704-91 (1993);Трубы стальные электросварыне прямошовные;50;57;3;4;Труба Ø57х3 ГОСТ 10704-91 (1993)
ГОСТ;ГОСТ 10704-91 (1993);Трубы стальные электросварыне прямошовные;65;76;3;5.4;Труба Ø76х3 ГОСТ 10704-91 (1993)
ГОСТ;ГОСТ 10704-91 (1993);Трубы стальные электросварыне прямошовные;80;89;3;6.36;Труба Ø89х3 ГОСТ 10704-91 (1993)
ГОСТ;ГОСТ 10704-91 (1993);Трубы стальные электросварыне прямошовные;100;114;4;10.85;Труба Ø114х4 ГОСТ 10704-91 (1993)
ГОСТ;ГОСТ 10704-91 (1993);Трубы стальные электросварыне прямошовные;125;133;4;12.73;Труба Ø133х4 ГОСТ 10704-91 (1993)
ГОСТ;ГОСТ 10704-91 (1993);Трубы стальные электросварыне прямошовные;150;159;4;15.29;Труба Ø159х4 ГОСТ 10704-91 (1993)
ГОСТ;ГОСТ 10704-91 (1993);Трубы стальные электросварыне прямошовные;200;219;6;31.52;Труба Ø219х6 ГОСТ 10704-91 (1993)
ГОСТ;ГОСТ 10704-91 (1993);Трубы стальные электросварыне прямошовные;250;273;6;39.51;Труба Ø273х6 ГОСТ 10704-91 (1993)
ГОСТ;ГОСТ 10704-91 (1993);Трубы стальные электросварыне прямошовные;300;325;6;47.2;Труба Ø325х6 ГОСТ 10704-91 (1993)
ГОСТ;ГОСТ 10704-91 (1993);Трубы стальные электросварыне прямошовные;350;377;6;59.77;Труба Ø377х6 ГОСТ 10704-91 (1993)
ГОСТ;ГОСТ 10704-91 (1993);Трубы стальные электросварыне прямошовные;400;426;7;72.33;Труба Ø426х7 ГОСТ 10704-91 (1993)
ГОСТ;ГОСТ 10704-91 (1993);Трубы стальные электросварыне прямошовные;500;530;7;90.29;Труба Ø530х7 ГОСТ 10704-91 (1993)
ГОСТ;ГОСТ 10704-91 (1993);Трубы стальные электросварыне прямошовные;600;630;7;107.55;Труба Ø630х7 ГОСТ 10704-91 (1993)
ГОСТ;ГОСТ 10704-91 (1993);Трубы стальные электросварыне прямошовные;800;820;8;160.2;Труба Ø820х8 ГОСТ 10704-91 (1993)
ГОСТ;ГОСТ 10704-91 (1993);Трубы стальные электросварыне прямошовные;1000;1020;11;273.72;Труба Ø1020х11 ГОСТ 10704-91 (1993)
ГОСТ;ГОСТ 10704-91 (1993);Трубы стальные электросварыне прямошовные;1200;1220;12;357.49;Труба Ø1220х12 ГОСТ 10704-91 (1993
ГОСТ;ГОСТ 8732-78;Трубы стальные бесшовные горячедеформированные;15;20;2,5;1,08;Труба 20х2,0 ГОСТ 8732-78
ГОСТ;ГОСТ 8732-78;Трубы стальные бесшовные горячедеформированные;20;25;2,5;1,39;Труба 25х2,5 ГОСТ 8732-78
ГОСТ;ГОСТ 8732-78;Трубы стальные бесшовные горячедеформированные;25;32;3,0;2,15;Труба 32х3,0 ГОСТ 8732-78
ГОСТ;ГОСТ 8732-78;Трубы стальные бесшовные горячедеформированные;32;38;3,0;2,59;Труба 38х3,2 ГОСТ 8732-78
ГОСТ;ГОСТ 8732-78;Трубы стальные бесшовные горячедеформированные;40;45;3,5;3,58;Труба 45х3,5 ГОСТ 8732-78
ГОСТ;ГОСТ 8732-78;Трубы стальные бесшовные горячедеформированные;50;57;3,5;4,62;Труба 57х3,5 ГОСТ 8732-78
ГОСТ;ГОСТ 8732-78;Трубы стальные бесшовные горячедеформированные;65;76;4,0;7,10;Труба 76х4,0 ГОСТ 8732-78
ГОСТ;ГОСТ 8732-78;Трубы стальные бесшовные горячедеформированные;80;89;4,5;9,38;Труба 89х4,5 ГОСТ 8732-78
ГОСТ;ГОСТ 8732-78;Трубы стальные бесшовные горячедеформированные;100;108;4,5;11,49;Труба 108х4,5 ГОСТ 8732-78
ГОСТ;ГОСТ 8732-78;Трубы стальные бесшовные горячедеформированные;125;133;5,0;15,78;Труба 133х5,0 ГОСТ 8732-78
ГОСТ;ГОСТ 8732-78;Трубы стальные бесшовные горячедеформированные;150;159;5,5;20,82;Труба 159х5,5 ГОСТ 8732-78
ГОСТ;ГОСТ 8732-78;Трубы стальные бесшовные горячедеформированные;200;219;7,0;36,60;Труба 219х7,0 ГОСТ 8732-78
ГОСТ;ГОСТ 8732-78;Трубы стальные бесшовные горячедеформированные;225;245;8;46,77;Труба 245х8,0 ГОСТ 8732-78
ГОСТ;ГОСТ 8732-78;Трубы стальные бесшовные горячедеформированные;250;273;8;52,28;Труба 273х8,0 ГОСТ 8732-78
ГОСТ;ГОСТ 8732-78;Трубы стальные бесшовные горячедеформированные;200;219;7,0;10;Труба 219х7,0 ГОСТ 8732-78
Manufactures;PPR Tebo technics PN10;Tebo technics PN10;15;20;1,9;0,107;PPR Труба Tebo technics PN10 d20х1,9
Manufactures;PPR Tebo technics PN10;Tebo technics PN10;20;25;2,3;0,164;PPR Труба Tebo technics PN10 d25х2,3
Manufactures;PPR Tebo technics PN10;Tebo technics PN10;25;32;3,0;0,267;PPR Труба Tebo technics PN10 d32х3,0
Manufactures;PPR Tebo technics PN10;Tebo technics PN10;32;40;3,7;0,412;PPR Труба Tebo technics PN10 d40х3,7
Manufactures;PPR Tebo technics PN10;Tebo technics PN10;40;50;4,6;0,638;PPR Труба Tebo technics PN10 d50х4,6
Manufactures;PPR Tebo technics PN10;Tebo technics PN10;50;63;5,8;1,010;PPR Труба Tebo technics PN10 d63х5,8
Manufactures;PPR Tebo technics PN10;Tebo technics PN10;65;75;6,9;1,420;PPR Труба Tebo technics PN10 d75х6,9
Manufactures;PPR Tebo technics PN10;Tebo technics PN10;80;90;8,2;2,030;PPR Труба Tebo technics PN10 d90х8,2
Manufactures;PPR Tebo technics PN10;Tebo technics PN10;90;110;10,0;3,010;PPR Труба Tebo technics PN10 d110х10,0
Manufactures;PPR Tebo technics PN10;Tebo technics PN10;100;125;11,4;3,902;PPR Труба Tebo technics PN10 d125х11,4
Manufactures;PPR Tebo technics PN10;Tebo technics PN10;125;160;14,6;6,391;PPR Труба Tebo technics PN10 d160х14,6
Manufactures;PPR Tebo technics PN20;Tebo technics PN20;15;20;3,4;0,172;PPR Труба Tebo technics PN20 d20х3,4
Manufactures;PPR Tebo technics PN20;Tebo technics PN20;20;25;4,2;0,226;PPR Труба Tebo technics PN20 d25х4,2
Manufactures;PPR Tebo technics PN20;Tebo technics PN20;25;32;5,4;0,434;PPR Труба Tebo technics PN20 d32х5,4
Manufactures;PPR Tebo technics PN20;Tebo technics PN20;32;40;6,7;0,671;PPR Труба Tebo technics PN20 d40х6,7
Manufactures;PPR Tebo technics PN20;Tebo technics PN20;40;50;8,4;1,050;PPR Труба Tebo technics PN20 d50х8,4
Manufactures;PPR Tebo technics PN20;Tebo technics PN20;50;63;10,5;1,650;PPR Труба Tebo technics PN20 d63х10,5
Manufactures;PPR Tebo technics PN20;Tebo technics PN20;65;75;12,5;2,340;PPR Труба Tebo technics PN20 d75х12,5
Manufactures;PPR Tebo technics PN20;Tebo technics PN20;80;90;15,0;3,360;PPR Труба Tebo technics PN20 d90х15,0
Manufactures;PPR Tebo technics PN20;Tebo technics PN20;90;110;18,4;4,460;PPR Труба Tebo technics PN20 d110х18,4
Manufactures;PPR Tebo technics PN20;Tebo technics PN20;100;125;20,8;5,990;PPR Труба Tebo technics PN20 d125х20,8
Manufactures;PPR Tebo technics PN20;Tebo technics PN20;125;160;26,6;9,750;PPR Труба Tebo technics PN20 d160х26,6
Manufactures;PPR/Al/PPR Tebo technics PN20;Tebo technics PN20;15;20;3,4;0,170;PPR/Al/PPR Труба армированная Tebo technics PN20 d20х3,4
Manufactures;PPR/Al/PPR Tebo technics PN20;Tebo technics PN20;20;25;4,2;0,260;PPR/Al/PPR Труба армированная Tebo technics PN20 d25х4,2
Manufactures;PPR/Al/PPR Tebo technics PN20;Tebo technics PN20;25;32;5,4;0,420;PPR/Al/PPR Труба армированная Tebo technics PN20 d32х5,4
Manufactures;PPR/Al/PPR Tebo technics PN20;Tebo technics PN20;32;40;6,7;0,650;PPR/Al/PPR Труба армированная Tebo technics PN20 d40х6,7
Manufactures;PPR/Al/PPR Tebo technics PN20;Tebo technics PN20;40;50;8,4,0;1,010;PPR/Al/PPR Труба армированная Tebo technics PN20 d50х8,4
Manufactures;PPR/Al/PPR Tebo technics PN20;Tebo technics PN20;50;63;10,5;1,590;PPR/Al/PPR Труба армированная Tebo technics PN20 d63х10,5
Manufactures;PPR/Al/PPR Tebo technics PN20;Tebo technics PN20;65;75;12,5;2,260;PPR/Al/PPR Труба армированная Tebo technics PN20 d75х12,5
Manufactures;PPR/Al/PPR Tebo technics PN20;Tebo technics PN20;80;90;15,0;3,250;PPR/Al/PPR Труба армированная Tebo technics PN20 d90х15,0
Manufactures;PPR/Al/PPR Tebo technics PN20;Tebo technics PN20;90;110;18,4;4,860;PPR/Al/PPR Труба армированная Tebo technics PN20 d110х18,4
Manufactures;PPR/Al/PPR Tebo technics PN25;Tebo technics PN25;15;20;4,0;0,190;PPR/Al/PPR Труба армированная Tebo technics PN25 d20х4,0
Manufactures;PPR/Al/PPR Tebo technics PN25;Tebo technics PN25;20;25;5,0;0,290;PPR/Al/PPR Труба армированная Tebo technics PN25 d25х5,0
Manufactures;PPR/Al/PPR Tebo technics PN25;Tebo technics PN25;25;32;6,4;0,480;PPR/Al/PPR Труба армированная Tebo technics PN25 d32х6,4
Manufactures;PPR/Al/PPR Tebo technics PN25;Tebo technics PN25;32;40;8,0;0,740;PPR/Al/PPR Труба армированная Tebo technics PN25 d40х8,0
Manufactures;PPR/Al/PPR Tebo technics PN25;Tebo technics PN25;40;50;10,0;1,160;PPR/Al/PPR Труба армированная Tebo technics PN25 d50х10,0
Manufactures;PPR/Al/PPR Tebo technics PN25;Tebo technics PN25;50;63;12,6;1,830;PPR/Al/PPR Труба армированная Tebo technics PN25 d63х12,6
Manufactures;PPR/Al/PPR Tebo technics PN25;Tebo technics PN25;65;75;15,0;2,600;PPR/Al/PPR Труба армированная Tebo technics PN25 d75х15,0
Manufactures;PPR/Al/PPR Tebo technics PN25;Tebo technics PN25;80;90;18,0;3,740;PPR/Al/PPR Труба армированная Tebo technics PN25 d90х18,0
Manufactures;PPR/Al/PPR Tebo technics PN25;Tebo technics PN25;90;110;22,0;5,580;PPR/Al/PPR Труба армированная Tebo technics PN25 d110х22,0
Manufactures;Ekoplastik;Ekoplastik PN10;20;20;2,2;0,121;Труба Ekoplastik PN 10 d20х2,2
Manufactures;Ekoplastik;Ekoplastik PN10;25;25;2,3;0,164;Труба Ekoplastik PN 10 d25х2,3
Manufactures;Ekoplastik;Ekoplastik PN10;32;32;2,9;0,258;Труба Ekoplastik PN 10 d32х2,9
Manufactures;Ekoplastik;Ekoplastik PN10;40;40;3,7;0,413;Труба Ekoplastik PN 10 d40х3,7
Manufactures;Ekoplastik;Ekoplastik PN10;50;50;4,6;0,636;Труба Ekoplastik PN 10 d50х4,6
Manufactures;Ekoplastik;Ekoplastik PN10;63;63;5,8;1,004;Труба Ekoplastik PN 10 d63х5,8
Manufactures;Ekoplastik;Ekoplastik PN10;75;75;6,8;1,401;Труба Ekoplastik PN 10 d75х6,8
Manufactures;Ekoplastik;Ekoplastik PN10;90;90;8,2;2,014;Труба Ekoplastik PN 10 d90х8,2
Manufactures;Ekoplastik;Ekoplastik PN10;110;110;10;3,009;Труба Ekoplastik PN 10 d110х10,0
Manufactures;Ekoplastik;Ekoplastik PN10;125;125;11,4;3,900;Труба Ekoplastik PN 10 d125х11,4
DIN;DIN 11850;Трубы из коррозиестойкой стали для пищевой. химической и фармацевтической промышленности;10x1;12;1;0.27;Труба DIN 11850-Ø10x1
DIN;DIN 11850;Трубы из коррозиестойкой стали для пищевой. химической и фармацевтической промышленности;10x1.5;13;1.5;0.43;Труба DIN 11850-Ø10x1.5
DIN;DIN 11850;Трубы из коррозиестойкой стали для пищевой. химической и фармацевтической промышленности;10x2;14;2;0.6;Труба DIN 11850-Ø10x2
DIN;DIN 11850;Трубы из коррозиестойкой стали для пищевой. химической и фармацевтической промышленности;15x1;18;1;0.42;Труба DIN 11850-Ø15x1
DIN;DIN 11850;Трубы из коррозиестойкой стали для пищевой. химической и фармацевтической промышленности;15x1.5;19;1.5;0.66;Труба DIN 11850-Ø15x1.5
DIN;DIN 11850;Трубы из коррозиестойкой стали для пищевой. химической и фармацевтической промышленности;15x2;20;2;0.9;Труба DIN 11850-Ø15x2
DIN;DIN 11850;Трубы из коррозиестойкой стали для пищевой. химической и фармацевтической промышленности;20x1;22;1;0.51;Труба DIN 11850-Ø20x1
DIN;DIN 11850;Трубы из коррозиестойкой стали для пищевой. химической и фармацевтической промышленности;20x1.5;23;1.5;0.81;Труба DIN 11850-Ø20x1.5
DIN;DIN 11850;Трубы из коррозиестойкой стали для пищевой. химической и фармацевтической промышленности;20x2;24;2;1.1;Труба DIN 11850-Ø20x2
DIN;DIN 11850;Трубы из коррозиестойкой стали для пищевой. химической и фармацевтической промышленности;25x1;28;1;0.66;Труба DIN 11850-Ø25x1
DIN;DIN 11850;Трубы из коррозиестойкой стали для пищевой. химической и фармацевтической промышленности;25x1.5;29;1.5;1.03;Труба DIN 11850-Ø25x1.5
DIN;DIN 11850;Трубы из коррозиестойкой стали для пищевой. химической и фармацевтической промышленности;25x2;30;2;1.4;Труба DIN 11850-Ø25x2
DIN;DIN 11850;Трубы из коррозиестойкой стали для пищевой. химической и фармацевтической промышленности;32x1;34;1;0.82;Труба DIN 11850-Ø32x1
DIN;DIN 11850;Трубы из коррозиестойкой стали для пищевой. химической и фармацевтической промышленности;32x1.5;35;1.5;1.26;Труба DIN 11850-Ø32x1.5
DIN;DIN 11850;Трубы из коррозиестойкой стали для пищевой. химической и фармацевтической промышленности;32x2;36;2;1.7;Труба DIN 11850-Ø32x2
DIN;DIN 11850;Трубы из коррозиестойкой стали для пищевой. химической и фармацевтической промышленности;40x1;40;1;0.97;Труба DIN 11850-Ø40x1
DIN;DIN 11850;Трубы из коррозиестойкой стали для пищевой. химической и фармацевтической промышленности;40x1.5;41;1.5;1.5;Труба DIN 11850-Ø40x1.5
DIN;DIN 11850;Трубы из коррозиестойкой стали для пищевой. химической и фармацевтической промышленности;40x2;42;2;2;Труба DIN 11850-Ø40x2
DIN;DIN 11850;Трубы из коррозиестойкой стали для пищевой. химической и фармацевтической промышленности;50x1;52;1;1.26;Труба DIN 11850-Ø50x1
DIN;DIN 11850;Трубы из коррозиестойкой стали для пищевой. химической и фармацевтической промышленности;50x1.5;53;1.5;1.9;Труба DIN 11850-Ø50x1.5
DIN;DIN 11850;Трубы из коррозиестойкой стали для пищевой. химической и фармацевтической промышленности;50x2;54;2;2.8;Труба DIN 11850-50x2
DIN;DIN 11850;Трубы из коррозиестойкой стали для пищевой. химической и фармацевтической промышленности;65x1.5;70;1.5;3.43;Труба DIN 11850-Ø65x1.5
DIN;DIN 11850;Трубы из коррозиестойкой стали для пищевой. химической и фармацевтической промышленности;80x1.5;85;1.5;4.16;Труба DIN 11850-Ø80x1.5
DIN;DIN 11850;Трубы из коррозиестойкой стали для пищевой. химической и фармацевтической промышленности;100x1.5;104;1.5;5.03;Труба DIN 11850-Ø100x1.5
DIN;DIN 11850;Трубы из коррозиестойкой стали для пищевой. химической и фармацевтической промышленности;125x1.5;125;1.5;6.36;Труба DIN 11850-Ø125x1.5
DIN;DIN 11850;Трубы из коррозиестойкой стали для пищевой. химической и фармацевтической промышленности;150x1.5;154;1.5;7.49;Труба DIN 11850-Ø150x1.5
DIN;DIN 11850;Трубы из коррозиестойкой стали для пищевой. химической и фармацевтической промышленности;200x1.5;204;1.5;10.12;Труба DIN 11850-Ø200x1.5
DIN;DIN 17455 (Серия 1);Трубы круглого сечения  сварные из коррозиестойкой стали общего назначения.;10.2x1.0;10.2;1;0.23;Труба-Ø10.2x1.0 DIN 17455
DIN;DIN 17455 (Серия 1);Трубы круглого сечения  сварные из коррозиестойкой стали общего назначения.;10.2x1.2;10.2;1.2;0.27;Труба-Ø10.2x1.2 DIN 17455
DIN;DIN 17455 (Серия 1);Трубы круглого сечения  сварные из коррозиестойкой стали общего назначения.;13.5x1.0;13.5;1;0.313;Труба-Ø13.5x1.0 DIN 17455
DIN;DIN 17455 (Серия 1);Трубы круглого сечения  сварные из коррозиестойкой стали общего назначения.;13.5x1.2;13.5;1.2;0.369;Труба-Ø13.5x1.2 DIN 17455
DIN;DIN 17455 (Серия 1);Трубы круглого сечения  сварные из коррозиестойкой стали общего назначения.;17.2x1.0;17.2;1;0.406;Труба-Ø17.2x1.0 DIN 17455
DIN;DIN 17455 (Серия 1);Трубы круглого сечения  сварные из коррозиестойкой стали общего назначения.;21.3x1.0;21.3;1;0.509;Труба-Ø21.3x1.0 DIN 17455
DIN;DIN 17455 (Серия 1);Трубы круглого сечения  сварные из коррозиестойкой стали общего назначения.;21.3x1.6;21.3;1.6;0.789;Труба-Ø21.3x1.6 DIN 17455
DIN;DIN 17455 (Серия 1);Трубы круглого сечения  сварные из коррозиестойкой стали общего назначения.;21.3x2.0;21.3;2;0.966;Труба-Ø21.3x2.0 DIN 17455
DIN;DIN 17455 (Серия 1);Трубы круглого сечения  сварные из коррозиестойкой стали общего назначения.;26.9x1.0;26.9;1;0.649;Труба-Ø26.9x1.0 DIN 17455
DIN;DIN 17455 (Серия 1);Трубы круглого сечения  сварные из коррозиестойкой стали общего назначения.;26.9x1.6;26.9;1.6;1.01;Труба-Ø26.9x1.6 DIN 17455
DIN;DIN 17455 (Серия 1);Трубы круглого сечения  сварные из коррозиестойкой стали общего назначения.;26.9x2.0;26.9;2;1.25;Труба-Ø26.9x2.0 DIN 17455
DIN;DIN 17455 (Серия 1);Трубы круглого сечения  сварные из коррозиестойкой стали общего назначения.;26.9x2.6;26.9;2.6;1.58;Труба-Ø26.9x2.6 DIN 17455
DIN;DIN 17455 (Серия 1);Трубы круглого сечения  сварные из коррозиестойкой стали общего назначения.;33.7x1.0;33.7;1;0.818;Труба-Ø33.7x1.0 DIN 17455
DIN;DIN 17455 (Серия 1);Трубы круглого сечения  сварные из коррозиестойкой стали общего назначения.;33.7x1.2;33.7;1.2;0.976;Труба-Ø33.7x1.2 DIN 17455
DIN;DIN 17455 (Серия 1);Трубы круглого сечения  сварные из коррозиестойкой стали общего назначения.;33.7x1.6;33.7;1.6;1.29;Труба-Ø33.7x1.6 DIN 17455
DIN;DIN 17455 (Серия 1);Трубы круглого сечения  сварные из коррозиестойкой стали общего назначения.;33.7x2.0;33.7;2;1.58;Труба-Ø33.7x2.0 DIN 17455
DIN;DIN 17455 (Серия 1);Трубы круглого сечения  сварные из коррозиестойкой стали общего назначения.;33.7x2.3;33.7;2.3;1.81;Труба-Ø33.7x2.3 DIN 17455
DIN;DIN 17455 (Серия 1);Трубы круглого сечения  сварные из коррозиестойкой стали общего назначения.;33.7x2.6;33.7;2.6;2.02;Труба-Ø33.7x2.6 DIN 17455
DIN;DIN 17455 (Серия 1);Трубы круглого сечения  сварные из коррозиестойкой стали общего назначения.;33.7x2.9;33.7;2.9;2.23;Труба-Ø33.7x2.9 DIN 17455
DIN;DIN 17455 (Серия 1);Трубы круглого сечения  сварные из коррозиестойкой стали общего назначения.;33.7x3.2;33.7;3.2;2.45;Труба-Ø33.7x3.2 DIN 17455
DIN;DIN 17455 (Серия 1);Трубы круглого сечения  сварные из коррозиестойкой стали общего назначения.;42.4x1.6;42.4;1.6;1.63;Труба-Ø42.4x1.6 DIN 17455
DIN;DIN 17455 (Серия 1);Трубы круглого сечения  сварные из коррозиестойкой стали общего назначения.;42.4x2.0;42.4;2;2.02;Труба-Ø42.4x2.0 DIN 17455
DIN;DIN 17455 (Серия 1);Трубы круглого сечения  сварные из коррозиестойкой стали общего назначения.;42.4x2.6;42.4;2.6;2.59;Труба-Ø42.4x2.6 DIN 17455
DIN;DIN 17455 (Серия 1);Трубы круглого сечения  сварные из коррозиестойкой стали общего назначения.;42.4x2.9;42.4;2.9;2.86;Труба-Ø42.4x2.9 DIN 17455
DIN;DIN 17455 (Серия 1);Трубы круглого сечения  сварные из коррозиестойкой стали общего назначения.;42.4x3.2;42.4;3.2;3.14;Труба-Ø42.4x3.2 DIN 17455
DIN;DIN 17455 (Серия 1);Трубы круглого сечения  сварные из коррозиестойкой стали общего назначения.;42.4x3.6;42.4;3.6;3.49;Труба-Ø42.4x3.6 DIN 17455
DIN;DIN 17455 (Серия 1);Трубы круглого сечения  сварные из коррозиестойкой стали общего назначения.;48.3x 1.6;48.3;1.6;1.87;Труба-Ø48.3x1.6 DIN 17455
DIN;DIN 17455 (Серия 1);Трубы круглого сечения  сварные из коррозиестойкой стали общего назначения.;48.3x 2.0;48.3;2;2.31;Труба-Ø48.3x 2.0 DIN 17455
DIN;DIN 17455 (Серия 1);Трубы круглого сечения  сварные из коррозиестойкой стали общего назначения.;48.3x 2.3;48.3;2.3;2.65;Труба-Ø48.3x 2.3 DIN 17455
DIN;DIN 17455 (Серия 1);Трубы круглого сечения  сварные из коррозиестойкой стали общего назначения.;48.3x 2.6;48.3;2.6;2.97;Труба-Ø48.3x 2.6 DIN 17455
DIN;DIN 17455 (Серия 1);Трубы круглого сечения  сварные из коррозиестойкой стали общего назначения.;48.3x 3.2;48.3;3.2;6.61;Труба-Ø48.3x 3.2 DIN 17455
DIN;DIN 17455 (Серия 1);Трубы круглого сечения  сварные из коррозиестойкой стали общего назначения.;48.3x 3.6;48.3;3.6;4.03;Труба-Ø48.3x 3.6 DIN 17455
DIN;DIN 17455 (Серия 1);Трубы круглого сечения  сварные из коррозиестойкой стали общего назначения.;60.3x1.6;60.3;1.6;2.35;Труба-Ø60.3x1.6 DIN 17455
DIN;DIN 17455 (Серия 1);Трубы круглого сечения  сварные из коррозиестойкой стали общего назначения.;60.3x2.0;60.3;2;2.92;Труба-Ø60.3x2.0 DIN 17455
DIN;DIN 17455 (Серия 1);Трубы круглого сечения  сварные из коррозиестойкой стали общего назначения.;60.3x2.3;60.3;2.3;3.34;Труба-Ø60.3x2.3 DIN 17455
DIN;DIN 17455 (Серия 1);Трубы круглого сечения  сварные из коррозиестойкой стали общего назначения.;60.3x2.6;60.3;2.6;3.76;Труба-Ø60.3x2.6 DIN 17455
DIN;DIN 17455 (Серия 1);Трубы круглого сечения  сварные из коррозиестойкой стали общего назначения.;60.3x2.9;60.3;2.9;4.17;Труба-Ø60.3x2.9 DIN 17455
DIN;DIN 17455 (Серия 1);Трубы круглого сечения  сварные из коррозиестойкой стали общего назначения.;60.3x3.2;60.3;3.2;4.58;Труба-Ø60.3x3.2 DIN 17455
DIN;DIN 17455 (Серия 1);Трубы круглого сечения  сварные из коррозиестойкой стали общего назначения.;60.3x3.6;60.3;3.6;5.11;Труба-Ø60.3x3.6 DIN 17455
DIN;DIN 17455 (Серия 1);Трубы круглого сечения  сварные из коррозиестойкой стали общего назначения.;76.1x1.6;76.1;1.6;2.98;Труба-Ø76.1x1.6 DIN 17455
DIN;DIN 17455 (Серия 1);Трубы круглого сечения  сварные из коррозиестойкой стали общего назначения.;76.1x2.0;76.1;2;3.7;Труба-Ø76.1x2.0 DIN 17455
DIN;DIN 17455 (Серия 1);Трубы круглого сечения  сварные из коррозиестойкой стали общего назначения.;76.1x2.3;76.1;2.3;4.25;Труба-Ø76.1x2.3 DIN 17455
DIN;DIN 17455 (Серия 1);Трубы круглого сечения  сварные из коррозиестойкой стали общего назначения.;76.1x2.6;76.1;2.6;4.78;Труба-Ø76.1x2.6 DIN 17455
DIN;DIN 17455 (Серия 1);Трубы круглого сечения  сварные из коррозиестойкой стали общего назначения.;76.1x2.9;76.1;2.9;5.32;Труба-Ø76.1x2.9 DIN 17455
DIN;DIN 17455 (Серия 1);Трубы круглого сечения  сварные из коррозиестойкой стали общего назначения.;76.1x3.6;76.1;3.6;6.54;Труба-Ø76.1x3.6 DIN 17455
DIN;DIN 17455 (Серия 1);Трубы круглого сечения  сварные из коррозиестойкой стали общего назначения.;76.1x4.0;76.1;4;7.22;Труба-Ø76.1x4.0 DIN 17455
DIN;DIN 17455 (Серия 1);Трубы круглого сечения  сварные из коррозиестойкой стали общего назначения.;88.9x1.6;88.9;1.6;3.49;Труба-Ø88.9x1.6 DIN 17455
DIN;DIN 17455 (Серия 1);Трубы круглого сечения  сварные из коррозиестойкой стали общего назначения.;88.9x2.0;88.9;2;4.35;Труба-Ø88.9x2.0 DIN 17455
DIN;DIN 17455 (Серия 1);Трубы круглого сечения  сварные из коррозиестойкой стали общего назначения.;88.9x2.3;88.9;2.3;4.98;Труба-Ø88.9x2.3 DIN 17455
DIN;DIN 17455 (Серия 1);Трубы круглого сечения  сварные из коррозиестойкой стали общего назначения.;88.9x2.6;88.9;2.6;5.61;Труба-Ø88.9x2.6 DIN 17455
DIN;DIN 17455 (Серия 1);Трубы круглого сечения  сварные из коррозиестойкой стали общего назначения.;88.9x2.9;88.9;2.9;6.24;Труба-Ø88.9x2.9 DIN 17455
DIN;DIN 17455 (Серия 1);Трубы круглого сечения  сварные из коррозиестойкой стали общего назначения.;88.9x3.2;88.9;3.2;6.86;Труба-Ø88.9x3.2 DIN 17455
DIN;DIN 17455 (Серия 1);Трубы круглого сечения  сварные из коррозиестойкой стали общего назначения.;88.9x3.6;88.9;3.6;7.68;Труба-Ø88.9x3.6 DIN 17455
DIN;DIN 17455 (Серия 1);Трубы круглого сечения  сварные из коррозиестойкой стали общего назначения.;88.9x4.0;88.9;4;8.51;Труба-Ø88.9x4.0 DIN 17455
DIN;DIN 17455 (Серия 1);Трубы круглого сечения  сварные из коррозиестойкой стали общего назначения.;114.3x1.6;114.3;1.6;4.52;Труба-Ø114.3x1.6 DIN 17455
DIN;DIN 17455 (Серия 1);Трубы круглого сечения  сварные из коррозиестойкой стали общего назначения.;114.3x2.0;114.3;2;5.62;Труба-Ø114.3x2.0 DIN 17455
DIN;DIN 17455 (Серия 1);Трубы круглого сечения  сварные из коррозиестойкой стали общего назначения.;114.3x2.6;114.3;2.6;7.27;Труба-Ø114.3x2.6 DIN 17455
DIN;DIN 17455 (Серия 1);Трубы круглого сечения  сварные из коррозиестойкой стали общего назначения.;114.3x2.9;114.3;2.9;8.09;Труба-Ø114.3x2.9 DIN 17455
DIN;DIN 17455 (Серия 1);Трубы круглого сечения  сварные из коррозиестойкой стали общего назначения.;114.3x3.2;114.3;3.2;8.9;Труба-Ø114.3x3.2 DIN 17455
DIN;DIN 17455 (Серия 1);Трубы круглого сечения  сварные из коррозиестойкой стали общего назначения.;114.3x3.6;114.3;3.6;9.98;Труба-Ø114.3x3.6 DIN 17455
DIN;DIN 17455 (Серия 1);Трубы круглого сечения  сварные из коррозиестойкой стали общего назначения.;114.3x4.5;114.3;4.5;12.4;Труба-Ø114.3x4.5 DIN 17455
DIN;DIN 17455 (Серия 1);Трубы круглого сечения  сварные из коррозиестойкой стали общего назначения.;114.3x5.0;114.3;5;13.7;Труба-Ø114.3x5.0 DIN 17455
DIN;DIN 17455 (Серия 1);Трубы круглого сечения  сварные из коррозиестойкой стали общего назначения.;139.7x1.6;139.7;1.6;5.53;Труба-Ø139.7x1.6 DIN 17455
DIN;DIN 17455 (Серия 1);Трубы круглого сечения  сварные из коррозиестойкой стали общего назначения.;139.7x2.0;139.7;2;6.89;Труба-Ø139.7x2.0 DIN 17455
DIN;DIN 17455 (Серия 1);Трубы круглого сечения  сварные из коррозиестойкой стали общего назначения.;139.7x2.6;139.7;2.6;8.92;Труба-Ø139.7x2.6 DIN 17455
DIN;DIN 17455 (Серия 1);Трубы круглого сечения  сварные из коррозиестойкой стали общего назначения.;139.7x3.2;139.7;3.2;11;Труба-Ø139.7x3.2 DIN 17455
DIN;DIN 17455 (Серия 1);Трубы круглого сечения  сварные из коррозиестойкой стали общего назначения.;139.7x4.0;139.7;4;13.6;Труба-Ø139.7x4.0 DIN 17455
DIN;DIN 17455 (Серия 1);Трубы круглого сечения  сварные из коррозиестойкой стали общего назначения.;139.7x4.5;139.7;4.5;16.8;Труба-Ø139.7x4.5 DIN 17455
DIN;DIN 17455 (Серия 1);Трубы круглого сечения  сварные из коррозиестойкой стали общего назначения.;139.7x6.3;139.7;6.3;21;Труба-Ø139.7x6.3 DIN 17455
DIN;DIN 17455 (Серия 1);Трубы круглого сечения  сварные из коррозиестойкой стали общего назначения.;139.7x7.1;139.7;7.1;23.5;Труба-Ø139.7x7.1 DIN 17455
DIN;DIN 17455 (Серия 1);Трубы круглого сечения  сварные из коррозиестойкой стали общего назначения.;168.3x1.6;168.3;1.6;6.68;Труба-Ø168.3x1.6 DIN 17455
DIN;DIN 17455 (Серия 1);Трубы круглого сечения  сварные из коррозиестойкой стали общего назначения.;168.3x2.0;168.3;2;8.32;Труба-Ø168.3x2.0 DIN 17455
DIN;DIN 17455 (Серия 1);Трубы круглого сечения  сварные из коррозиестойкой стали общего назначения.;168.3x2.6;168.3;2.6;10.8;Труба-Ø168.3x2.6 DIN 17455
DIN;DIN 17455 (Серия 1);Трубы круглого сечения  сварные из коррозиестойкой стали общего назначения.;168.3x3.2;168.3;3.2;13.2;Труба-Ø168.3x3.2 DIN 17455
DIN;DIN 17455 (Серия 1);Трубы круглого сечения  сварные из коррозиестойкой стали общего назначения.;168.3x3.6;168.3;3.6;14.8;Труба-Ø168.3x3.6 DIN 17455
DIN;DIN 17455 (Серия 1);Трубы круглого сечения  сварные из коррозиестойкой стали общего назначения.;168.3x4.0;168.3;4;16.4;Труба-Ø168.3x4.0 DIN 17455
DIN;DIN 17455 (Серия 1);Трубы круглого сечения  сварные из коррозиестойкой стали общего назначения.;168.3x4.5;168.3;4.5;18.5;Труба-Ø168.3x4.5 DIN 17455
DIN;DIN 17455 (Серия 1);Трубы круглого сечения  сварные из коррозиестойкой стали общего назначения.;168.3x5.0;168.3;5;20.4;Труба-Ø168.3x5.0 DIN 17455
DIN;DIN 17455 (Серия 1);Трубы круглого сечения  сварные из коррозиестойкой стали общего назначения.;168.3x5.6;168.3;5.6;22.8;Труба-Ø168.3x5.6 DIN 17455
DIN;DIN 17455 (Серия 1);Трубы круглого сечения  сварные из коррозиестойкой стали общего назначения.;168.3x7.1;168.3;7.1;28.6;Труба-Ø168.3x7.1 DIN 17455
DIN;DIN 17455 (Серия 1);Трубы круглого сечения  сварные из коррозиестойкой стали общего назначения.;219.1x2.0;219.1;2;10.9;Труба-Ø219.1x2.0  DIN 17455
DIN;DIN 17455 (Серия 1);Трубы круглого сечения  сварные из коррозиестойкой стали общего назначения.;219.1x2.6;219.1;2.6;14.1;Труба-Ø219.1x2.6 DIN 17455
DIN;DIN 17455 (Серия 1);Трубы круглого сечения  сварные из коррозиестойкой стали общего назначения.;219.1x2.9;219.1;2.9;15.7;Труба-Ø219.1x2.9 DIN 17455
DIN;DIN 17455 (Серия 1);Трубы круглого сечения  сварные из коррозиестойкой стали общего назначения.;219.1x3.2;219.1;3.2;17.3;Труба-Ø219.1x3.2 DIN 17455
DIN;DIN 17455 (Серия 1);Трубы круглого сечения  сварные из коррозиестойкой стали общего назначения.;219.1x3.6;219.1;3.6;19.4;Труба-Ø219.1x3.6 DIN 17455
DIN;DIN 17455 (Серия 1);Трубы круглого сечения  сварные из коррозиестойкой стали общего назначения.;219.1x4.0;219.1;4;21.5;Труба-Ø219.1x4.0 DIN 17455
DIN;DIN 17455 (Серия 1);Трубы круглого сечения  сварные из коррозиестойкой стали общего назначения.;219.1x6.3;219.1;6.3;33.6;Труба-Ø219.1x6.3 DIN 17455
DIN;DIN 17455 (Серия 1);Трубы круглого сечения  сварные из коррозиестойкой стали общего назначения.;219.1x8.0;219.1;8;42.2;Труба-Ø219.1x8.0 DIN 17455
DIN;DIN 17455 (Серия 2);Трубы круглого сечения  сварные из коррозиестойкой стали общего назначения.;6x1.0;6;1;0.125;Труба-Ø6x1.0 DIN 17455
DIN;DIN 17455 (Серия 2);Трубы круглого сечения  сварные из коррозиестойкой стали общего назначения.;8x1.0;8;1;0.176;Труба-Ø8x1.0 DIN 17455
DIN;DIN 17455 (Серия 2);Трубы круглого сечения  сварные из коррозиестойкой стали общего назначения.;10x1.0;10;1;0.225;Труба-Ø10x1.0 DIN 17455
DIN;DIN 17455 (Серия 2);Трубы круглого сечения  сварные из коррозиестойкой стали общего назначения.;10x1.2;10;1.2;0.264;Труба-Ø10x1.2 DIN 17455
DIN;DIN 17455 (Серия 2);Трубы круглого сечения  сварные из коррозиестойкой стали общего назначения.;12x1.0;12;1;0.275;Труба-Ø12x1.0 DIN 17455
DIN;DIN 17455 (Серия 2);Трубы круглого сечения  сварные из коррозиестойкой стали общего назначения.;16x1.0;16;1;0.376;Труба-Ø16x1.0 DIN 17455
DIN;DIN 17455 (Серия 2);Трубы круглого сечения  сварные из коррозиестойкой стали общего назначения.;16x1.2;16;1.2;0.445;Труба-Ø16x1.2 DIN 17455
DIN;DIN 17455 (Серия 2);Трубы круглого сечения  сварные из коррозиестойкой стали общего назначения.;19x1.0;19;1;0.451;Труба-Ø19x1.0 DIN 17455
DIN;DIN 17455 (Серия 2);Трубы круглого сечения  сварные из коррозиестойкой стали общего назначения.;19x1.2;19;1.2;0.535;Труба-Ø19x1.2 DIN 17455
DIN;DIN 17455 (Серия 2);Трубы круглого сечения  сварные из коррозиестойкой стали общего назначения.;19x1.6;19;1.6;0.697;Труба-Ø19x1.6 DIN 17455
DIN;DIN 17455 (Серия 2);Трубы круглого сечения  сварные из коррозиестойкой стали общего назначения.;19x2.0;19;2;0.851;Труба-Ø19x2.0 DIN 17455
DIN;DIN 17455 (Серия 2);Трубы круглого сечения  сварные из коррозиестойкой стали общего назначения.;20x1.0;20;1;0.476;Труба-Ø20x1.0 DIN 17455
DIN;DIN 17455 (Серия 2);Трубы круглого сечения  сварные из коррозиестойкой стали общего назначения.;20x1.2;20;1.2;0.564;Труба-Ø20x1.2 DIN 17455
DIN;DIN 17455 (Серия 2);Трубы круглого сечения  сварные из коррозиестойкой стали общего назначения.;20x1.6;20;1.6;0.737;Труба-Ø20x1.6 DIN 17455
DIN;DIN 17455 (Серия 2);Трубы круглого сечения  сварные из коррозиестойкой стали общего назначения.;20x2.0;20;2;0.901;Труба-Ø20x2.0 DIN 17455
DIN;DIN 17455 (Серия 2);Трубы круглого сечения  сварные из коррозиестойкой стали общего назначения.;25x1.0;25;1;0.601;Труба-Ø25x1.0 DIN 17455
DIN;DIN 17455 (Серия 2);Трубы круглого сечения  сварные из коррозиестойкой стали общего назначения.;25x1.2;25;1.2;0.715;Труба-Ø25x1.2 DIN 17455
DIN;DIN 17455 (Серия 2);Трубы круглого сечения  сварные из коррозиестойкой стали общего назначения.;25x1.6;25;1.6;0.937;Труба-Ø25x1.6 DIN 17455
DIN;DIN 17455 (Серия 2);Трубы круглого сечения  сварные из коррозиестойкой стали общего назначения.;25x2.0;25;2;1.15;Труба-Ø25x2.0 DIN 17455
DIN;DIN 17455 (Серия 2);Трубы круглого сечения  сварные из коррозиестойкой стали общего назначения.;25x2.6;25;2.6;1.46;Труба-Ø25x2.6 DIN 17455
DIN;DIN 17455 (Серия 2);Трубы круглого сечения  сварные из коррозиестойкой стали общего назначения.;31.8x1.2;31.8;1.2;0.92;Труба-Ø31.8x1.2 DIN 17455
DIN;DIN 17455 (Серия 2);Трубы круглого сечения  сварные из коррозиестойкой стали общего назначения.;31.8x1.6;31.8;1.6;1.21;Труба-Ø31.8x1.6 DIN 17455
DIN;DIN 17455 (Серия 2);Трубы круглого сечения  сварные из коррозиестойкой стали общего назначения.;31.8x2.0;31.8;2;1.49;Труба-Ø31.8x2.0 DIN 17455
DIN;DIN 17455 (Серия 2);Трубы круглого сечения  сварные из коррозиестойкой стали общего назначения.;31.8x2.6;31.8;2.6;1.9;Труба-Ø31.8x2.6 DIN 17455
DIN;DIN 17455 (Серия 2);Трубы круглого сечения  сварные из коррозиестойкой стали общего назначения.;32x1.2;32;1.2;0.925;Труба-Ø32x1.2 DIN 17455
DIN;DIN 17455 (Серия 2);Трубы круглого сечения  сварные из коррозиестойкой стали общего назначения.;32x1.6;32;1.6;1.5;Труба-Ø32x1.6 DIN 17455
DIN;DIN 17455 (Серия 2);Трубы круглого сечения  сварные из коррозиестойкой стали общего назначения.;38x1.2;38;1.2;1.11;Труба-Ø38x1.2 DIN 17455
DIN;DIN 17455 (Серия 2);Трубы круглого сечения  сварные из коррозиестойкой стали общего назначения.;38x1.6;38;1.6;1.46;Труба-Ø38x1.6 DIN 17455
DIN;DIN 17455 (Серия 2);Трубы круглого сечения  сварные из коррозиестойкой стали общего назначения.;38x2.0;38;2;1.81;Труба-Ø38x2.0 DIN 17455
DIN;DIN 17455 (Серия 2);Трубы круглого сечения  сварные из коррозиестойкой стали общего назначения.;38x2.6;38;2.6;2.3;Труба-Ø38x2.6 DIN 17455
DIN;DIN 17455 (Серия 2);Трубы круглого сечения  сварные из коррозиестойкой стали общего назначения.;38x3.2;38;3.2;2.79;Труба-Ø38x3.2 DIN 17455
DIN;DIN 17455 (Серия 2);Трубы круглого сечения  сварные из коррозиестойкой стали общего назначения.;40x1.2;40;1.2;1.17;Труба-Ø40x1.2 DIN 17455
DIN;DIN 17455 (Серия 2);Трубы круглого сечения  сварные из коррозиестойкой стали общего назначения.;40x1.6;40;1.6;1.54;Труба-Ø40x1.6 DIN 17455
DIN;DIN 17455 (Серия 2);Трубы круглого сечения  сварные из коррозиестойкой стали общего назначения.;40x2.6;40;2.6;2.44;Труба-Ø40x2.6 DIN 17455
DIN;DIN 17455 (Серия 2);Трубы круглого сечения  сварные из коррозиестойкой стали общего назначения.;51x1.0;51;1;1.25;Труба-Ø51x1.0 DIN 17455
DIN;DIN 17455 (Серия 2);Трубы круглого сечения  сварные из коррозиестойкой стали общего назначения.;51x1.2;51;1.2;1.49;Труба-Ø51x1.2 DIN 17455
DIN;DIN 17455 (Серия 2);Трубы круглого сечения  сварные из коррозиестойкой стали общего назначения.;51x1.6;51;1.6;1.98;Труба-Ø51x1.6 DIN 17455
DIN;DIN 17455 (Серия 2);Трубы круглого сечения  сварные из коррозиестойкой стали общего назначения.;51x2.0;51;2;2.46;Труба-Ø51x2.0 DIN 17455
DIN;DIN 17455 (Серия 2);Трубы круглого сечения  сварные из коррозиестойкой стали общего назначения.;51x2.6;51;2.6;3.15;Труба-Ø51x2.6 DIN 17455
DIN;DIN 17455 (Серия 2);Трубы круглого сечения  сварные из коррозиестойкой стали общего назначения.;51x3.2;51;3.2;3.83;Труба-Ø51x3.2 DIN 17455
DIN;DIN 17455 (Серия 2);Трубы круглого сечения  сварные из коррозиестойкой стали общего назначения.;57x1.6;57;1.6;2.22;Труба-Ø57x1.6 DIN 17455
DIN;DIN 17455 (Серия 2);Трубы круглого сечения  сварные из коррозиестойкой стали общего назначения.;57x2.0;57;2;2.75;Труба-Ø57x2.0 DIN 17455
DIN;DIN 17455 (Серия 2);Трубы круглого сечения  сварные из коррозиестойкой стали общего назначения.;57x2.9;57;2.9;3.93;Труба-Ø57x2.9 DIN 17455
DIN;DIN 17455 (Серия 2);Трубы круглого сечения  сварные из коррозиестойкой стали общего назначения.;63.5x1.6;63.5;1.6;2.48;Труба-Ø63.5x1.6 DIN 17455
DIN;DIN 17455 (Серия 2);Трубы круглого сечения  сварные из коррозиестойкой стали общего назначения.;63.5x2.0;63.5;2;3.08;Труба-Ø63.5x2.0 DIN 17455
DIN;DIN 17455 (Серия 2);Трубы круглого сечения  сварные из коррозиестойкой стали общего назначения.;63.5x2.6;63.5;2.6;3.96;Труба-Ø63.5x2.6 DIN 17455
DIN;DIN 17455 (Серия 2);Трубы круглого сечения  сварные из коррозиестойкой стали общего назначения.;63.5x3.2;63.5;3.2;4.83;Труба-Ø63.5x3.2 DIN 17455
DIN;DIN 17455 (Серия 2);Трубы круглого сечения  сварные из коррозиестойкой стали общего назначения.;70x1.6;70;1.6;2.74;Труба-Ø70x1.6 DIN 17455
DIN;DIN 17455 (Серия 2);Трубы круглого сечения  сварные из коррозиестойкой стали общего назначения.;70x2.0;70;2;3.4;Труба-Ø70x2.0 DIN 17455
DIN;DIN 17455 (Серия 2);Трубы круглого сечения  сварные из коррозиестойкой стали общего назначения.;70x2.9;70;2.9;4.87;Труба-Ø70x2.9 DIN 17455
DIN;DIN 17455 (Серия 2);Трубы круглого сечения  сварные из коррозиестойкой стали общего назначения.;101.6x2.0;101.6;2;4.98;Труба-Ø101.6x2.0 DIN 17455
DIN;DIN 17455 (Серия 2);Трубы круглого сечения  сварные из коррозиестойкой стали общего назначения.;101.6x2.9;101.6;2.9;7.17;Труба-Ø101.6x2.9 DIN 17455
DIN;DIN 17455 (Серия 2);Трубы круглого сечения  сварные из коррозиестойкой стали общего назначения.;101.6x4.0;101.6;4;9.77;Труба-Ø101.6x4.0 DIN 17455
DIN;DIN 17455 (Серия 3);Трубы круглого сечения  сварные из коррозиестойкой стали общего назначения.;14x1.0;14;1;0.326;Труба-Ø14x1.0 DIN 17455
DIN;DIN 17455 (Серия 3);Трубы круглого сечения  сварные из коррозиестойкой стали общего назначения.;18x1.0;18;1;0.425;Труба-Ø18x1.0 DIN 17455
DIN;DIN 17455 (Серия 3);Трубы круглого сечения  сварные из коррозиестойкой стали общего назначения.;18x1.6;18;1.6;0.657;Труба-Ø18x1.6 DIN 17455
DIN;DIN 17455 (Серия 3);Трубы круглого сечения  сварные из коррозиестойкой стали общего назначения.;18x2.0;18;2;0.801;Труба-Ø18x2.0 DIN 17455
DIN;DIN 17455 (Серия 3);Трубы круглого сечения  сварные из коррозиестойкой стали общего назначения.;22x1.0;22;1;0.526;Труба-Ø22x1.0 DIN 17455
DIN;DIN 17455 (Серия 3);Трубы круглого сечения  сварные из коррозиестойкой стали общего назначения.;22x2.0;22;2;1;Труба-Ø22x2.0 DIN 17455
DIN;DIN 17455 (Серия 3);Трубы круглого сечения  сварные из коррозиестойкой стали общего назначения.;25.4x1.2;25.4;1.2;0.727;Труба-Ø25.4x1.2 DIN 17455
DIN;DIN 17455 (Серия 3);Трубы круглого сечения  сварные из коррозиестойкой стали общего назначения.;25.4x1.6;25.4;1.6;0.953;Труба-Ø25.4x1.6 DIN 17455
DIN;DIN 17455 (Серия 3);Трубы круглого сечения  сварные из коррозиестойкой стали общего назначения.;25.4x2.0;25.4;2;1.17;Труба-Ø25.4x2.0 DIN 17455
DIN;DIN 17455 (Серия 3);Трубы круглого сечения  сварные из коррозиестойкой стали общего назначения.;25.4x2.6;25.4;2.6;1.48;Труба-Ø25.4x2.6 DIN 17455
DIN;DIN 17455 (Серия 3);Трубы круглого сечения  сварные из коррозиестойкой стали общего назначения.;30x1.6;30;1.6;1.14;Труба-Ø30x1.6 DIN 17455
DIN;DIN 17455 (Серия 3);Трубы круглого сечения  сварные из коррозиестойкой стали общего назначения.;30x2.0;30;2;1.4;Труба-Ø30x2.0 DIN 17455
DIN;DIN 17455 (Серия 3);Трубы круглого сечения  сварные из коррозиестойкой стали общего назначения.;30x2.6;30;2.6;1.79;Труба-Ø30x2.6 DIN 17455
DIN;DIN 17455 (Серия 3);Трубы круглого сечения  сварные из коррозиестойкой стали общего назначения.;35x1.2;35;1.2;1.02;Труба-Ø35x1.2 DIN 17455
DIN;DIN 17455 (Серия 3);Трубы круглого сечения  сварные из коррозиестойкой стали общего назначения.;35x2.0;35;2;1.65;Труба-Ø35x2.0 DIN 17455
DIN;DIN 17455 (Серия 3);Трубы круглого сечения  сварные из коррозиестойкой стали общего назначения.;44.5x2.0;44.5;2;2.13;Труба-Ø44.5x2.0 DIN 17455
DIN;DIN 17455 (Серия 3);Трубы круглого сечения  сварные из коррозиестойкой стали общего назначения.;44.5x2.6;44.5;2.6;2.73;Труба-Ø44.5x2.6 DIN 17455
DIN;DIN 17455 (Серия 3);Трубы круглого сечения  сварные из коррозиестойкой стали общего назначения.;44.5x2.9;44.5;2.9;3.02;Труба-Ø44.5x2.9 DIN 17455
DIN;DIN 17455 (Серия 3);Трубы круглого сечения  сварные из коррозиестойкой стали общего назначения.;54x1.6;54;1.6;2.1;Труба-Ø54x1.6 DIN 17455
DIN;DIN 17455 (Серия 3);Трубы круглого сечения  сварные из коррозиестойкой стали общего назначения.;54x2.0;54;2;2.6;Труба-Ø54x2.0 DIN 17455
DIN;DIN 17455 (Серия 3);Трубы круглого сечения  сварные из коррозиестойкой стали общего назначения.;54x2.6;54;2.6;3.35;Труба-Ø54x2.6 DIN 17455
DIN;DIN 17455 (Серия 3);Трубы круглого сечения  сварные из коррозиестойкой стали общего назначения.;82.5x2.0;82.5;2;4.03;Труба-Ø82.5x2.0 DIN 17455
DIN;DIN 17455 (Серия 3);Трубы круглого сечения  сварные из коррозиестойкой стали общего назначения.;82.5x3.2;82.5;3.2;6.35;Труба-Ø82.5x3.2 DIN 17455
ASME;ASME B36.19M-2004 Sch 5S;Stainless Steel Pipe;15;21,3;1,65;0,8;Pipe DN 15 SA-240 ASME B36.19M-2004 Sch 5S
ASME;ASME B36.19M-2004 Sch 5S;Stainless Steel Pipe;20;26,7;1,65;1,02;Pipe DN 20 SA-240 ASME B36.19M-2004 Sch 5S
ASME;ASME B36.19M-2004 Sch 5S;Stainless Steel Pipe;25;33,4;1,65;1,29;Pipe DN 25 SA-240 ASME B36.19M-2004 Sch 5S
ASME;ASME B36.19M-2004 Sch 5S;Stainless Steel Pipe;32;42,2;1,65;1,65;Pipe DN 32 SA-240 ASME B36.19M-2004 Sch 5S
ASME;ASME B36.19M-2004 Sch 5S;Stainless Steel Pipe;40;48,3;1,65;1,9;Pipe DN 40 SA-240 ASME B36.19M-2004 Sch 5S
ASME;ASME B36.19M-2004 Sch 5S;Stainless Steel Pipe;50;60,3;1,65;2,39;Pipe DN 50 SA-240 ASME B36.19M-2004 Sch 5S
ASME;ASME B36.19M-2004 Sch 5S;Stainless Steel Pipe;65;73;2,11;3,69;Pipe DN 65 SA-240 ASME B36.19M-2004 Sch 5S
ASME;ASME B36.19M-2004 Sch 5S;Stainless Steel Pipe;80;88,9;2,11;4,52;Pipe DN 80 SA-240 ASME B36.19M-2004 Sch 5S
ASME;ASME B36.19M-2004 Sch 5S;Stainless Steel Pipe;90;101,6;2,11;5,18;Pipe DN 90 SA-240 ASME B36.19M-2004 Sch 5S
ASME;ASME B36.19M-2004 Sch 5S;Stainless Steel Pipe;100;114,3;2,11;5,84;Pipe DN 100 SA-240 ASME B36.19M-2004 Sch 5S
ASME;ASME B36.19M-2004 Sch 5S;Stainless Steel Pipe;125;141,3;2,77;9,46;Pipe DN 125 SA-240 ASME B36.19M-2004 Sch 5S
ASME;ASME B36.19M-2004 Sch 5S;Stainless Steel Pipe;150;168,3;2,77;11,31;Pipe DN 150 SA-240 ASME B36.19M-2004 Sch 5S
ASME;ASME B36.19M-2004 Sch 5S;Stainless Steel Pipe;200;219,1;2,77;14,78;Pipe DN 200 SA-240 ASME B36.19M-2004 Sch 5S
ASME;ASME B36.19M-2004 Sch 5S;Stainless Steel Pipe;250;273,1;3,4;22,61;Pipe DN 250 SA-240 ASME B36.19M-2004 Sch 5S
ASME;ASME B36.19M-2004 Sch 5S;Stainless Steel Pipe;300;323,9;3,96;31,25;Pipe DN 300 SA-240 ASME B36.19M-2004 Sch 5S
ASME;ASME B36.19M-2004 Sch 5S;Stainless Steel Pipe;350;355,6;3,96;34,34;Pipe DN 350 SA-240 ASME B36.19M-2004 Sch 5S
ASME;ASME B36.19M-2004 Sch 5S;Stainless Steel Pipe;400;406,4;4,19;41,56;Pipe DN 400 SA-240 ASME B36.19M-2004 Sch 5S
ASME;ASME B36.19M-2004 Sch 5S;Stainless Steel Pipe;450;457;4,19;46,79;Pipe DN 450 SA-240 ASME B36.19M-2004 Sch 5S
ASME;ASME B36.19M-2004 Sch 5S;Stainless Steel Pipe;500;508;4,78;59,32;Pipe DN 500 SA-240 ASME B36.19M-2004 Sch 5S
ASME;ASME B36.19M-2004 Sch 5S;Stainless Steel Pipe;550;559;4,78;65,33;Pipe DN 550 SA-240 ASME B36.19M-2004 Sch 5S
ASME;ASME B36.19M-2004 Sch 5S;Stainless Steel Pipe;600;610;5,54;82,58;Pipe DN 600 SA-240 ASME B36.19M-2004 Sch 5S
ASME;ASME B36.19M-2004 Sch 5S;Stainless Steel Pipe;750;762;6,35;118,34;Pipe DN 750 SA-240 ASME B36.19M-2004 Sch 5S
ASME;ASME B36.19M-2004 Sch 10S;Stainless Steel Pipe;6;10,3;1,24;0,28;Pipe DN 6 SA-240 ASME B36.19M-2004 Sch 10S
ASME;ASME B36.19M-2004 Sch 10S;Stainless Steel Pipe;8;13,7;1,65;0,49;Pipe DN 8 SA-240 ASME B36.19M-2004 Sch 10S
ASME;ASME B36.19M-2004 Sch 10S;Stainless Steel Pipe;10;17,1;1,65;0,63;Pipe DN 10 SA-240 ASME B36.19M-2004 Sch 10S
ASME;ASME B36.19M-2004 Sch 10S;Stainless Steel Pipe;15;21,3;2,11;1;Pipe DN 15 SA-240 ASME B36.19M-2004 Sch 10S
ASME;ASME B36.19M-2004 Sch 10S;Stainless Steel Pipe;20;26,7;2,11;1,28;Pipe DN 20 SA-240 ASME B36.19M-2004 Sch 10S
ASME;ASME B36.19M-2004 Sch 10S;Stainless Steel Pipe;25;33,4;2,77;2,09;Pipe DN 25 SA-240 ASME B36.19M-2004 Sch 10S
ASME;ASME B36.19M-2004 Sch 10S;Stainless Steel Pipe;32;42,2;2,77;2,69;Pipe DN 32 SA-240 ASME B36.19M-2004 Sch 10S
ASME;ASME B36.19M-2004 Sch 10S;Stainless Steel Pipe;40;48,3;2,77;3,11;Pipe DN 40 SA-240 ASME B36.19M-2004 Sch 10S
ASME;ASME B36.19M-2004 Sch 10S;Stainless Steel Pipe;50;60,3;2,77;3,93;Pipe DN 50 SA-240 ASME B36.19M-2004 Sch 10S
ASME;ASME B36.19M-2004 Sch 10S;Stainless Steel Pipe;65;73;3,05;5,26;Pipe DN 65 SA-240 ASME B36.19M-2004 Sch 10S
ASME;ASME B36.19M-2004 Sch 10S;Stainless Steel Pipe;80;88,9;3,05;6,46;Pipe DN 80 SA-240 ASME B36.19M-2004 Sch 10S
ASME;ASME B36.19M-2004 Sch 10S;Stainless Steel Pipe;90;101,6;3,05;7,41;Pipe DN 90 SA-240 ASME B36.19M-2004 Sch 10S
ASME;ASME B36.19M-2004 Sch 10S;Stainless Steel Pipe;100;114,3;3,05;8,37;Pipe DN 100 SA-240 ASME B36.19M-2004 Sch 10S
ASME;ASME B36.19M-2004 Sch 10S;Stainless Steel Pipe;125;141,3;3,4;11,56;Pipe DN 125 SA-240 ASME B36.19M-2004 Sch 10S
ASME;ASME B36.19M-2004 Sch 10S;Stainless Steel Pipe;150;168,3;3,4;13,83;Pipe DN 150 SA-240 ASME B36.19M-2004 Sch 10S
ASME;ASME B36.19M-2004 Sch 10S;Stainless Steel Pipe;200;219,1;3,76;19,97;Pipe DN 200 SA-240 ASME B36.19M-2004 Sch 10S
ASME;ASME B36.19M-2004 Sch 10S;Stainless Steel Pipe;250;273,1;4,19;27,79;Pipe DN 250 SA-240 ASME B36.19M-2004 Sch 10S
ASME;ASME B36.19M-2004 Sch 10S;Stainless Steel Pipe;300;323,9;4,57;35,99;Pipe DN 300 SA-240 ASME B36.19M-2004 Sch 10S
ASME;ASME B36.19M-2004 Sch 10S;Stainless Steel Pipe;350;355,6;4,78;41,36;Pipe DN 350 SA-240 ASME B36.19M-2004 Sch 10S
ASME;ASME B36.19M-2004 Sch 10S;Stainless Steel Pipe;400;406,4;4,78;47,34;Pipe DN 400 SA-240 ASME B36.19M-2004 Sch 10S
ASME;ASME B36.19M-2004 Sch 10S;Stainless Steel Pipe;450;457;4,78;53,31;Pipe DN 450 SA-240 ASME B36.19M-2004 Sch 10S
ASME;ASME B36.19M-2004 Sch 10S;Stainless Steel Pipe;500;508;5,54;68,65;Pipe DN 500 SA-240 ASME B36.19M-2004 Sch 10S
ASME;ASME B36.19M-2004 Sch 10S;Stainless Steel Pipe;550;559;5,54;75,62;Pipe DN 550 SA-240 ASME B36.19M-2004 Sch 10S
ASME;ASME B36.19M-2004 Sch 10S;Stainless Steel Pipe;600;610;6,35;94,53;Pipe DN 600 SA-240 ASME B36.19M-2004 Sch 10S
ASME;ASME B36.19M-2004 Sch 10S;Stainless Steel Pipe;750;762;7,92;147,29;Pipe DN 750 SA-240 ASME B36.19M-2004 Sch 10S
ASME;ASME B36.19M-2004 Sch 40S;Stainless Steel Pipe;6;10,3;1,73;0,37;Pipe DN 6 SA-240 ASME B36.19M-2004 Sch 40S
ASME;ASME B36.19M-2004 Sch 40S;Stainless Steel Pipe;8;13,7;2,24;0,63;Pipe DN 8 SA-240 ASME B36.19M-2004 Sch 40S
ASME;ASME B36.19M-2004 Sch 40S;Stainless Steel Pipe;10;17,1;2,31;0,84;Pipe DN 10 SA-240 ASME B36.19M-2004 Sch 40S
ASME;ASME B36.19M-2004 Sch 40S;Stainless Steel Pipe;15;21,3;2,77;1,27;Pipe DN 15 SA-240 ASME B36.19M-2004 Sch 40S
ASME;ASME B36.19M-2004 Sch 40S;Stainless Steel Pipe;20;26,7;2,87;1,69;Pipe DN 20 SA-240 ASME B36.19M-2004 Sch 40S
ASME;ASME B36.19M-2004 Sch 40S;Stainless Steel Pipe;25;33,4;3,38;2,5;Pipe DN 25 SA-240 ASME B36.19M-2004 Sch 40S
ASME;ASME B36.19M-2004 Sch 40S;Stainless Steel Pipe;32;42,2;3,56;3,39;Pipe DN 32 SA-240 ASME B36.19M-2004 Sch 40S
ASME;ASME B36.19M-2004 Sch 40S;Stainless Steel Pipe;40;48,3;3,68;4,05;Pipe DN 40 SA-240 ASME B36.19M-2004 Sch 40S
ASME;ASME B36.19M-2004 Sch 40S;Stainless Steel Pipe;50;60,3;3,91;5,44;Pipe DN 50 SA-240 ASME B36.19M-2004 Sch 40S
ASME;ASME B36.19M-2004 Sch 40S;Stainless Steel Pipe;65;73;5,16;8,63;Pipe DN 65 SA-240 ASME B36.19M-2004 Sch 40S
ASME;ASME B36.19M-2004 Sch 40S;Stainless Steel Pipe;80;88,9;5,49;11,29;Pipe DN 80 SA-240 ASME B36.19M-2004 Sch 40S
ASME;ASME B36.19M-2004 Sch 40S;Stainless Steel Pipe;90;101,6;5,74;13,57;Pipe DN 90 SA-240 ASME B36.19M-2004 Sch 40S
ASME;ASME B36.19M-2004 Sch 40S;Stainless Steel Pipe;100;114,3;6,02;16,08;Pipe DN 100 SA-240 ASME B36.19M-2004 Sch 40S
ASME;ASME B36.19M-2004 Sch 40S;Stainless Steel Pipe;125;141,3;6,55;21,77;Pipe DN 125 SA-240 ASME B36.19M-2004 Sch 40S
ASME;ASME B36.19M-2004 Sch 40S;Stainless Steel Pipe;150;168,3;7,11;28,26;Pipe DN 150 SA-240 ASME B36.19M-2004 Sch 40S
ASME;ASME B36.19M-2004 Sch 40S;Stainless Steel Pipe;200;219,1;8,18;42,55;Pipe DN 200 SA-240 ASME B36.19M-2004 Sch 40S
ASME;ASME B36.19M-2004 Sch 40S;Stainless Steel Pipe;250;273,1;9,27;60,31;Pipe DN 250 SA-240 ASME B36.19M-2004 Sch 40S
ASME;ASME B36.19M-2004 Sch 40S;Stainless Steel Pipe;300;323,9;9,53;73,88;Pipe DN 300 SA-240 ASME B36.19M-2004 Sch 40S
ASME;ASME B36.19M-2004 Sch 40S;Stainless Steel Pipe;350;355,6;9,53;81,33;Pipe DN 350 SA-240 ASME B36.19M-2004 Sch 40S
ASME;ASME B36.19M-2004 Sch 40S;Stainless Steel Pipe;400;406,4;9,53;93,27;Pipe DN 400 SA-240 ASME B36.19M-2004 Sch 40S
ASME;ASME B36.19M-2004 Sch 40S;Stainless Steel Pipe;450;457;9,53;105,5;Pipe DN 450 SA-240 ASME B36.19M-2004 Sch 40S
ASME;ASME B36.19M-2004 Sch 40S;Stainless Steel Pipe;500;508;9,53;117,15;Pipe DN 500 SA-240 ASME B36.19M-2004 Sch 40S
ASME;ASME B36.19M-2004 Sch 40S;Stainless Steel Pipe;600;610;9,53;141,12;Pipe DN 600 SA-240 ASME B36.19M-2004 Sch 40S
ASME;ASME B36.19M-2004 Sch 80S;Stainless Steel Pipe;6;10,3;2,41;0,47;Pipe DN 6 SA-240 ASME B36.19M-2004 Sch 80S
ASME;ASME B36.19M-2004 Sch 80S;Stainless Steel Pipe;8;13,7;3,02;0,8;Pipe DN 8 SA-240 ASME B36.19M-2004 Sch 80S
ASME;ASME B36.19M-2004 Sch 80S;Stainless Steel Pipe;10;17,1;3,2;1,1;Pipe DN 10 SA-240 ASME B36.19M-2004 Sch 80S
ASME;ASME B36.19M-2004 Sch 80S;Stainless Steel Pipe;15;21,3;3,73;1,62;Pipe DN 15 SA-240 ASME B36.19M-2004 Sch 80S
ASME;ASME B36.19M-2004 Sch 80S;Stainless Steel Pipe;20;26,7;3,91;2,2;Pipe DN 20 SA-240 ASME B36.19M-2004 Sch 80S
ASME;ASME B36.19M-2004 Sch 80S;Stainless Steel Pipe;25;33,4;4,55;3,24;Pipe DN 25 SA-240 ASME B36.19M-2004 Sch 80S
ASME;ASME B36.19M-2004 Sch 80S;Stainless Steel Pipe;32;42,2;4,85;4,47;Pipe DN 32 SA-240 ASME B36.19M-2004 Sch 80S
ASME;ASME B36.19M-2004 Sch 80S;Stainless Steel Pipe;40;48,3;5,08;5,41;Pipe DN 40 SA-240 ASME B36.19M-2004 Sch 80S
ASME;ASME B36.19M-2004 Sch 80S;Stainless Steel Pipe;50;60,3;5,54;7,48;Pipe DN 50 SA-240 ASME B36.19M-2004 Sch 80S
ASME;ASME B36.19M-2004 Sch 80S;Stainless Steel Pipe;65;73;7,01;11,41;Pipe DN 65 SA-240 ASME B36.19M-2004 Sch 80S
ASME;ASME B36.19M-2004 Sch 80S;Stainless Steel Pipe;80;88,9;7,62;15,27;Pipe DN 80 SA-240 ASME B36.19M-2004 Sch 80S
ASME;ASME B36.19M-2004 Sch 80S;Stainless Steel Pipe;90;101,6;8,08;18,64;Pipe DN 90 SA-240 ASME B36.19M-2004 Sch 80S
ASME;ASME B36.19M-2004 Sch 80S;Stainless Steel Pipe;100;114,3;8,56;22,32;Pipe DN 100 SA-240 ASME B36.19M-2004 Sch 80S
ASME;ASME B36.19M-2004 Sch 80S;Stainless Steel Pipe;125;141,3;9,53;30,97;Pipe DN 125 SA-240 ASME B36.19M-2004 Sch 80S
ASME;ASME B36.19M-2004 Sch 80S;Stainless Steel Pipe;150;168,3;10,97;42,56;Pipe DN 150 SA-240 ASME B36.19M-2004 Sch 80S
ASME;ASME B36.19M-2004 Sch 80S;Stainless Steel Pipe;200;219,1;12,7;64,64;Pipe DN 200 SA-240 ASME B36.19M-2004 Sch 80S
ASME;ASME B36.19M-2004 Sch 80S;Stainless Steel Pipe;250;273,1;12,7;81,56;Pipe DN 250 SA-240 ASME B36.19M-2004 Sch 80S
ASME;ASME B36.19M-2004 Sch 80S;Stainless Steel Pipe;300;323,9;12,7;97,47;Pipe DN 300 SA-240 ASME B36.19M-2004 Sch 80S
ASME;ASME B36.19M-2004 Sch 80S;Stainless Steel Pipe;350;355,6;12,7;107,4;Pipe DN 350 SA-240 ASME B36.19M-2004 Sch 80S
ASME;ASME B36.19M-2004 Sch 80S;Stainless Steel Pipe;400;406,4;12,7;123,31;Pipe DN 400 SA-240 ASME B36.19M-2004 Sch 80S
ASME;ASME B36.19M-2004 Sch 80S;Stainless Steel Pipe;450;457;12,7;138,11;Pipe DN 450 SA-240 ASME B36.19M-2004 Sch 80S
ASME;ASME B36.19M-2004 Sch 80S;Stainless Steel Pipe;500;508;12,7;155,13;Pipe DN 500 SA-240 ASME B36.19M-2004 Sch 80S
ASME;ASME B36.19M-2004 Sch 80S;Stainless Steel Pipe;600;610;12,7;187,07;Pipe DN 600 SA-240 ASME B36.19M-2004 Sch 80S
ASME;ASME B36.10M-2004 Sch 5;Welded and Seamless Wrought Steel Pipe;15;21,3;1,65;0,8;Pipe DN 15 SA-240 ASME B36.10M-2004 Sch 5
ASME;ASME B36.10M-2004 Sch 5;Welded and Seamless Wrought Steel Pipe;20;26,7;1,65;1,03;Pipe DN 20 SA-240 ASME B36.10M-2004 Sch 5
ASME;ASME B36.10M-2004 Sch 5;Welded and Seamless Wrought Steel Pipe;25;33,4;1,65;1,29;Pipe DN 25 SA-240 ASME B36.10M-2004 Sch 5
ASME;ASME B36.10M-2004 Sch 5;Welded and Seamless Wrought Steel Pipe;32;42,2;1,65;1,65;Pipe DN 32 SA-240 ASME B36.10M-2004 Sch 5
ASME;ASME B36.10M-2004 Sch 5;Welded and Seamless Wrought Steel Pipe;40;48,3;1,65;1,9;Pipe DN 40 SA-240 ASME B36.10M-2004 Sch 5
ASME;ASME B36.10M-2004 Sch 5;Welded and Seamless Wrought Steel Pipe;50;60,3;1,65;2,39;Pipe DN 50 SA-240 ASME B36.10M-2004 Sch 5
ASME;ASME B36.10M-2004 Sch 5;Welded and Seamless Wrought Steel Pipe;65;73;2,11;3,69;Pipe DN 65 SA-240 ASME B36.10M-2004 Sch 5
ASME;ASME B36.10M-2004 Sch 5;Welded and Seamless Wrought Steel Pipe;80;88,9;2,11;4,52;Pipe DN 80 SA-240 ASME B36.10M-2004 Sch 5
ASME;ASME B36.10M-2004 Sch 5;Welded and Seamless Wrought Steel Pipe;90;101,6;2,11;5,18;Pipe DN 90 SA-240 ASME B36.10M-2004 Sch 5
ASME;ASME B36.10M-2004 Sch 5;Welded and Seamless Wrought Steel Pipe;100;114,3;2,11;5,84;Pipe DN 100 SA-240 ASME B36.10M-2004 Sch 5
ASME;ASME B36.10M-2004 Sch 5;Welded and Seamless Wrought Steel Pipe;125;141,3;2,77;9,46;Pipe DN 125 SA-240 ASME B36.10M-2004 Sch 5
ASME;ASME B36.10M-2004 Sch 5;Welded and Seamless Wrought Steel Pipe;150;168,3;2,77;11,31;Pipe DN 150 SA-240 ASME B36.10M-2004 Sch 5
ASME;ASME B36.10M-2004 Sch 5;Welded and Seamless Wrought Steel Pipe;200;219,1;2,77;14,78;Pipe DN 200 SA-240 ASME B36.10M-2004 Sch 5
ASME;ASME B36.10M-2004 Sch 5;Welded and Seamless Wrought Steel Pipe;250;273;3,4;22,61;Pipe DN 250 SA-240 ASME B36.10M-2004 Sch 5
ASME;ASME B36.10M-2004 Sch 5;Welded and Seamless Wrought Steel Pipe;300;323,8;3,96;31,24;Pipe DN 300 SA-240 ASME B36.10M-2004 Sch 5
ASME;ASME B36.10M-2004 Sch 5;Welded and Seamless Wrought Steel Pipe;350;355,6;3,96;34,34;Pipe DN 350 SA-240 ASME B36.10M-2004 Sch 5
ASME;ASME B36.10M-2004 Sch 5;Welded and Seamless Wrought Steel Pipe;400;406,4;4,19;41,56;Pipe DN 400 SA-240 ASME B36.10M-2004 Sch 5
ASME;ASME B36.10M-2004 Sch 5;Welded and Seamless Wrought Steel Pipe;450;457;4,19;46,79;Pipe DN 450 SA-240 ASME B36.10M-2004 Sch 5
ASME;ASME B36.10M-2004 Sch 5;Welded and Seamless Wrought Steel Pipe;500;508;4,78;59,32;Pipe DN 500 SA-240 ASME B36.10M-2004 Sch 5
ASME;ASME B36.10M-2004 Sch 5;Welded and Seamless Wrought Steel Pipe;550;559;4,78;65,33;Pipe DN 550 SA-240 ASME B36.10M-2004 Sch 5
ASME;ASME B36.10M-2004 Sch 5;Welded and Seamless Wrought Steel Pipe;600;610;5,54;82,58;Pipe DN 600 SA-240 ASME B36.10M-2004 Sch 5
ASME;ASME B36.10M-2004 Sch 5;Welded and Seamless Wrought Steel Pipe;750;762;6,35;118,34;Pipe DN 750 SA-240 ASME B36.10M-2004 Sch 5
ASME;ASME B36.10M-2004 Sch 10;Welded and Seamless Wrought Steel Pipe;6;10,3;1,24;0,28;Pipe DN 6 SA-240 ASME B36.10M-2004 Sch 10
ASME;ASME B36.10M-2004 Sch 10;Welded and Seamless Wrought Steel Pipe;8;13,7;1,65;0,49;Pipe DN 8 SA-240 ASME B36.10M-2004 Sch 10
ASME;ASME B36.10M-2004 Sch 10;Welded and Seamless Wrought Steel Pipe;10;17,1;1,65;0,63;Pipe DN 10 SA-240 ASME B36.10M-2004 Sch 10
ASME;ASME B36.10M-2004 Sch 10;Welded and Seamless Wrought Steel Pipe;15;21,3;2,11;1;Pipe DN 15 SA-240 ASME B36.10M-2004 Sch 10
ASME;ASME B36.10M-2004 Sch 10;Welded and Seamless Wrought Steel Pipe;20;26,7;2,11;1,28;Pipe DN 20 SA-240 ASME B36.10M-2004 Sch 10
ASME;ASME B36.10M-2004 Sch 10;Welded and Seamless Wrought Steel Pipe;25;33,4;2,77;2,09;Pipe DN 25 SA-240 ASME B36.10M-2004 Sch 10
ASME;ASME B36.10M-2004 Sch 10;Welded and Seamless Wrought Steel Pipe;32;42,2;2,77;2,69;Pipe DN 32 SA-240 ASME B36.10M-2004 Sch 10
ASME;ASME B36.10M-2004 Sch 10;Welded and Seamless Wrought Steel Pipe;40;48,3;2,77;3,11;Pipe DN 40 SA-240 ASME B36.10M-2004 Sch 10
ASME;ASME B36.10M-2004 Sch 10;Welded and Seamless Wrought Steel Pipe;50;60,3;2,77;3,93;Pipe DN 50 SA-240 ASME B36.10M-2004 Sch 10
ASME;ASME B36.10M-2004 Sch 10;Welded and Seamless Wrought Steel Pipe;65;73;3,05;5,26;Pipe DN 65 SA-240 ASME B36.10M-2004 Sch 10
ASME;ASME B36.10M-2004 Sch 10;Welded and Seamless Wrought Steel Pipe;80;88,9;3,05;6,46;Pipe DN 80 SA-240 ASME B36.10M-2004 Sch 10
ASME;ASME B36.10M-2004 Sch 10;Welded and Seamless Wrought Steel Pipe;90;101,6;3,05;7,41;Pipe DN 90 SA-240 ASME B36.10M-2004 Sch 10
ASME;ASME B36.10M-2004 Sch 10;Welded and Seamless Wrought Steel Pipe;100;114,3;3,05;8,37;Pipe DN 100 SA-240 ASME B36.10M-2004 Sch 10
ASME;ASME B36.10M-2004 Sch 10;Welded and Seamless Wrought Steel Pipe;125;141,3;3,4;11,56;Pipe DN 125 SA-240 ASME B36.10M-2004 Sch 10
ASME;ASME B36.10M-2004 Sch 10;Welded and Seamless Wrought Steel Pipe;150;168,3;3,4;13,83;Pipe DN 150 SA-240 ASME B36.10M-2004 Sch 10
ASME;ASME B36.10M-2004 Sch 10;Welded and Seamless Wrought Steel Pipe;200;219,1;3,76;19,97;Pipe DN 200 SA-240 ASME B36.10M-2004 Sch 10
ASME;ASME B36.10M-2004 Sch 10;Welded and Seamless Wrought Steel Pipe;250;273;4,19;27,78;Pipe DN 250 SA-240 ASME B36.10M-2004 Sch 10
ASME;ASME B36.10M-2004 Sch 10;Welded and Seamless Wrought Steel Pipe;300;323,8;4,57;35,98;Pipe DN 300 SA-240 ASME B36.10M-2004 Sch 10
ASME;ASME B36.10M-2004 Sch 10;Welded and Seamless Wrought Steel Pipe;350;355,6;6,35;54,69;Pipe DN 350 SA-240 ASME B36.10M-2004 Sch 10
ASME;ASME B36.10M-2004 Sch 10;Welded and Seamless Wrought Steel Pipe;400;406,4;6,35;62,65;Pipe DN 400 SA-240 ASME B36.10M-2004 Sch 10
ASME;ASME B36.10M-2004 Sch 10;Welded and Seamless Wrought Steel Pipe;450;457;6,35;70,57;Pipe DN 450 SA-240 ASME B36.10M-2004 Sch 10
ASME;ASME B36.10M-2004 Sch 10;Welded and Seamless Wrought Steel Pipe;500;508;6,35;78,56;Pipe DN 500 SA-240 ASME B36.10M-2004 Sch 10
ASME;ASME B36.10M-2004 Sch 10;Welded and Seamless Wrought Steel Pipe;550;559;6,35;86,55;Pipe DN 550 SA-240 ASME B36.10M-2004 Sch 10
ASME;ASME B36.10M-2004 Sch 10;Welded and Seamless Wrought Steel Pipe;600;610;6,35;94,53;Pipe DN 600 SA-240 ASME B36.10M-2004 Sch 10
ASME;ASME B36.10M-2004 Sch 10;Welded and Seamless Wrought Steel Pipe;650;660;7,92;127,36;Pipe DN 650 SA-240 ASME B36.10M-2004 Sch 10
ASME;ASME B36.10M-2004 Sch 10;Welded and Seamless Wrought Steel Pipe;700;711;7,92;137,32;Pipe DN 700 SA-240 ASME B36.10M-2004 Sch 10
ASME;ASME B36.10M-2004 Sch 10;Welded and Seamless Wrought Steel Pipe;750;762;7,92;147,29;Pipe DN 750 SA-240 ASME B36.10M-2004 Sch 10
ASME;ASME B36.10M-2004 Sch 10;Welded and Seamless Wrought Steel Pipe;800;813;7,92;157,25;Pipe DN 800 SA-240 ASME B36.10M-2004 Sch 10
ASME;ASME B36.10M-2004 Sch 10;Welded and Seamless Wrought Steel Pipe;850;864;7,92;167,21;Pipe DN 850 SA-240 ASME B36.10M-2004 Sch 10
ASME;ASME B36.10M-2004 Sch 10;Welded and Seamless Wrought Steel Pipe;900;914;7,92;176,97;Pipe DN 900 SA-240 ASME B36.10M-2004 Sch 10
ASME;ASME B36.10M-2004 Sch 20;Welded and Seamless Wrought Steel Pipe;200;219,1;6,35;33,32;Pipe DN 200 SA-240 ASME B36.10M-2004 Sch 20
ASME;ASME B36.10M-2004 Sch 20;Welded and Seamless Wrought Steel Pipe;250;273;6,35;41,76;Pipe DN 250 SA-240 ASME B36.10M-2004 Sch 20
ASME;ASME B36.10M-2004 Sch 20;Welded and Seamless Wrought Steel Pipe;300;323,8;6,35;49,71;Pipe DN 300 SA-240 ASME B36.10M-2004 Sch 20
ASME;ASME B36.10M-2004 Sch 20;Welded and Seamless Wrought Steel Pipe;350;355,6;7,92;67,91;Pipe DN 350 SA-240 ASME B36.10M-2004 Sch 20
ASME;ASME B36.10M-2004 Sch 20;Welded and Seamless Wrought Steel Pipe;400;406,4;7,92;77,83;Pipe DN 400 SA-240 ASME B36.10M-2004 Sch 20
ASME;ASME B36.10M-2004 Sch 20;Welded and Seamless Wrought Steel Pipe;450;457;7,92;87,71;Pipe DN 450 SA-240 ASME B36.10M-2004 Sch 20
ASME;ASME B36.10M-2004 Sch 20;Welded and Seamless Wrought Steel Pipe;500;508;9,53;117,15;Pipe DN 500 SA-240 ASME B36.10M-2004 Sch 20
ASME;ASME B36.10M-2004 Sch 20;Welded and Seamless Wrought Steel Pipe;550;559;9,53;129,14;Pipe DN 550 SA-240 ASME B36.10M-2004 Sch 20
ASME;ASME B36.10M-2004 Sch 20;Welded and Seamless Wrought Steel Pipe;600;610;9,53;141,12;Pipe DN 600 SA-240 ASME B36.10M-2004 Sch 20
ASME;ASME B36.10M-2004 Sch 20;Welded and Seamless Wrought Steel Pipe;650;660;12,7;202,74;Pipe DN 650 SA-240 ASME B36.10M-2004 Sch 20
ASME;ASME B36.10M-2004 Sch 20;Welded and Seamless Wrought Steel Pipe;700;711;12,7;218,71;Pipe DN 700 SA-240 ASME B36.10M-2004 Sch 20
ASME;ASME B36.10M-2004 Sch 20;Welded and Seamless Wrought Steel Pipe;750;762;12,7;234,68;Pipe DN 750 SA-240 ASME B36.10M-2004 Sch 20
ASME;ASME B36.10M-2004 Sch 20;Welded and Seamless Wrought Steel Pipe;800;813;12,7;250,65;Pipe DN 800 SA-240 ASME B36.10M-2004 Sch 20
ASME;ASME B36.10M-2004 Sch 20;Welded and Seamless Wrought Steel Pipe;850;864;12,7;266,63;Pipe DN 850 SA-240 ASME B36.10M-2004 Sch 20
ASME;ASME B36.10M-2004 Sch 20;Welded and Seamless Wrought Steel Pipe;900;914;12,7;282,29;Pipe DN 900 SA-240 ASME B36.10M-2004 Sch 20
ASME;ASME B36.10M-2004 Sch 30;Welded and Seamless Wrought Steel Pipe;6;10,3;1,45;0,32;Pipe DN 6 SA-240 ASME B36.10M-2004 Sch 30
ASME;ASME B36.10M-2004 Sch 30;Welded and Seamless Wrought Steel Pipe;8;13,7;1,85;0,54;Pipe DN 8 SA-240 ASME B36.10M-2004 Sch 30
ASME;ASME B36.10M-2004 Sch 30;Welded and Seamless Wrought Steel Pipe;10;17,1;1,85;0,7;Pipe DN 10 SA-240 ASME B36.10M-2004 Sch 30
ASME;ASME B36.10M-2004 Sch 30;Welded and Seamless Wrought Steel Pipe;15;21,3;2,41;1,12;Pipe DN 15 SA-240 ASME B36.10M-2004 Sch 30
ASME;ASME B36.10M-2004 Sch 30;Welded and Seamless Wrought Steel Pipe;20;26,7;2,41;1,44;Pipe DN 20 SA-240 ASME B36.10M-2004 Sch 30
ASME;ASME B36.10M-2004 Sch 30;Welded and Seamless Wrought Steel Pipe;25;33,4;2,9;2,18;Pipe DN 25 SA-240 ASME B36.10M-2004 Sch 30
ASME;ASME B36.10M-2004 Sch 30;Welded and Seamless Wrought Steel Pipe;32;42,2;2,97;2,87;Pipe DN 32 SA-240 ASME B36.10M-2004 Sch 30
ASME;ASME B36.10M-2004 Sch 30;Welded and Seamless Wrought Steel Pipe;40;48,3;3,18;3,53;Pipe DN 40 SA-240 ASME B36.10M-2004 Sch 30
ASME;ASME B36.10M-2004 Sch 30;Welded and Seamless Wrought Steel Pipe;50;60,3;3,18;4,48;Pipe DN 50 SA-240 ASME B36.10M-2004 Sch 30
ASME;ASME B36.10M-2004 Sch 30;Welded and Seamless Wrought Steel Pipe;65;73;4,78;8,04;Pipe DN 65 SA-240 ASME B36.10M-2004 Sch 30
ASME;ASME B36.10M-2004 Sch 30;Welded and Seamless Wrought Steel Pipe;80;88,9;4,78;9,92;Pipe DN 80 SA-240 ASME B36.10M-2004 Sch 30
ASME;ASME B36.10M-2004 Sch 30;Welded and Seamless Wrought Steel Pipe;90;101,6;4,78;11,41;Pipe DN 90 SA-240 ASME B36.10M-2004 Sch 30
ASME;ASME B36.10M-2004 Sch 30;Welded and Seamless Wrought Steel Pipe;100;114,3;4,78;12,91;Pipe DN 100 SA-240 ASME B36.10M-2004 Sch 30
ASME;ASME B36.10M-2004 Sch 30;Welded and Seamless Wrought Steel Pipe;200;219,1;7,04;36,82;Pipe DN 200 SA-240 ASME B36.10M-2004 Sch 30
ASME;ASME B36.10M-2004 Sch 30;Welded and Seamless Wrought Steel Pipe;250;273;7,8;51,01;Pipe DN 250 SA-240 ASME B36.10M-2004 Sch 30
ASME;ASME B36.10M-2004 Sch 30;Welded and Seamless Wrought Steel Pipe;300;323,8;8,38;65,19;Pipe DN 300 SA-240 ASME B36.10M-2004 Sch 30
ASME;ASME B36.10M-2004 Sch 30;Welded and Seamless Wrought Steel Pipe;350;355,6;9,53;81,33;Pipe DN 350 SA-240 ASME B36.10M-2004 Sch 30
ASME;ASME B36.10M-2004 Sch 30;Welded and Seamless Wrought Steel Pipe;400;406,4;9,53;93,27;Pipe DN 400 SA-240 ASME B36.10M-2004 Sch 30
ASME;ASME B36.10M-2004 Sch 30;Welded and Seamless Wrought Steel Pipe;450;457;11,13;122,38;Pipe DN 450 SA-240 ASME B36.10M-2004 Sch 30
ASME;ASME B36.10M-2004 Sch 30;Welded and Seamless Wrought Steel Pipe;500;508;12,7;155,13;Pipe DN 500 SA-240 ASME B36.10M-2004 Sch 30
ASME;ASME B36.10M-2004 Sch 30;Welded and Seamless Wrought Steel Pipe;550;559;12,7;171,1;Pipe DN 550 SA-240 ASME B36.10M-2004 Sch 30
ASME;ASME B36.10M-2004 Sch 30;Welded and Seamless Wrought Steel Pipe;600;610;14,27;209,65;Pipe DN 600 SA-240 ASME B36.10M-2004 Sch 30
ASME;ASME B36.10M-2004 Sch 30;Welded and Seamless Wrought Steel Pipe;700;711;15,88;272,23;Pipe DN 700 SA-240 ASME B36.10M-2004 Sch 30
ASME;ASME B36.10M-2004 Sch 30;Welded and Seamless Wrought Steel Pipe;750;762;15,88;292,2;Pipe DN 750 SA-240 ASME B36.10M-2004 Sch 30
ASME;ASME B36.10M-2004 Sch 30;Welded and Seamless Wrought Steel Pipe;800;813;15,88;312,17;Pipe DN 800 SA-240 ASME B36.10M-2004 Sch 30
ASME;ASME B36.10M-2004 Sch 30;Welded and Seamless Wrought Steel Pipe;850;864;15,88;332,14;Pipe DN 850 SA-240 ASME B36.10M-2004 Sch 30
ASME;ASME B36.10M-2004 Sch 30;Welded and Seamless Wrought Steel Pipe;900;914;15,88;351,73;Pipe DN 900 SA-240 ASME B36.10M-2004 Sch 30
ASME;ASME B36.10M-2004 Sch 40;Welded and Seamless Wrought Steel Pipe;6;10,3;1,73;0,37;Pipe DN 6 SA-240 ASME B36.10M-2004 Sch 40
ASME;ASME B36.10M-2004 Sch 40;Welded and Seamless Wrought Steel Pipe;8;13,7;2,24;0,63;Pipe DN 8 SA-240 ASME B36.10M-2004 Sch 40
ASME;ASME B36.10M-2004 Sch 40;Welded and Seamless Wrought Steel Pipe;10;17,1;2,31;0,84;Pipe DN 10 SA-240 ASME B36.10M-2004 Sch 40
ASME;ASME B36.10M-2004 Sch 40;Welded and Seamless Wrought Steel Pipe;15;21,3;2,77;1,27;Pipe DN 15 SA-240 ASME B36.10M-2004 Sch 40
ASME;ASME B36.10M-2004 Sch 40;Welded and Seamless Wrought Steel Pipe;20;26,7;2,87;1,69;Pipe DN 20 SA-240 ASME B36.10M-2004 Sch 40
ASME;ASME B36.10M-2004 Sch 40;Welded and Seamless Wrought Steel Pipe;25;33,4;3,38;2,5;Pipe DN 25 SA-240 ASME B36.10M-2004 Sch 40
ASME;ASME B36.10M-2004 Sch 40;Welded and Seamless Wrought Steel Pipe;32;42,2;3,56;3,39;Pipe DN 32 SA-240 ASME B36.10M-2004 Sch 40
ASME;ASME B36.10M-2004 Sch 40;Welded and Seamless Wrought Steel Pipe;40;48,3;3,68;4,05;Pipe DN 40 SA-240 ASME B36.10M-2004 Sch 40
ASME;ASME B36.10M-2004 Sch 40;Welded and Seamless Wrought Steel Pipe;50;60,3;3,91;5,44;Pipe DN 50 SA-240 ASME B36.10M-2004 Sch 40
ASME;ASME B36.10M-2004 Sch 40;Welded and Seamless Wrought Steel Pipe;65;73;5,16;8,63;Pipe DN 65 SA-240 ASME B36.10M-2004 Sch 40
ASME;ASME B36.10M-2004 Sch 40;Welded and Seamless Wrought Steel Pipe;80;88,9;5,49;11,29;Pipe DN 80 SA-240 ASME B36.10M-2004 Sch 40
ASME;ASME B36.10M-2004 Sch 40;Welded and Seamless Wrought Steel Pipe;90;101,6;5,74;13,57;Pipe DN 90 SA-240 ASME B36.10M-2004 Sch 40
ASME;ASME B36.10M-2004 Sch 40;Welded and Seamless Wrought Steel Pipe;100;114,3;6,02;16,08;Pipe DN 100 SA-240 ASME B36.10M-2004 Sch 40
ASME;ASME B36.10M-2004 Sch 40;Welded and Seamless Wrought Steel Pipe;125;141,3;6,55;21,77;Pipe DN 125 SA-240 ASME B36.10M-2004 Sch 40
ASME;ASME B36.10M-2004 Sch 40;Welded and Seamless Wrought Steel Pipe;150;168,3;7,11;28,26;Pipe DN 150 SA-240 ASME B36.10M-2004 Sch 40
ASME;ASME B36.10M-2004 Sch 40;Welded and Seamless Wrought Steel Pipe;200;219,1;8,18;42,55;Pipe DN 200 SA-240 ASME B36.10M-2004 Sch 40
ASME;ASME B36.10M-2004 Sch 40;Welded and Seamless Wrought Steel Pipe;250;273;9,27;60,29;Pipe DN 250 SA-240 ASME B36.10M-2004 Sch 40
ASME;ASME B36.10M-2004 Sch 40;Welded and Seamless Wrought Steel Pipe;300;323,8;10,31;79,71;Pipe DN 300 SA-240 ASME B36.10M-2004 Sch 40
ASME;ASME B36.10M-2004 Sch 40;Welded and Seamless Wrought Steel Pipe;350;355,6;11,13;94,55;Pipe DN 350 SA-240 ASME B36.10M-2004 Sch 40
ASME;ASME B36.10M-2004 Sch 40;Welded and Seamless Wrought Steel Pipe;400;406,4;12,7;123,31;Pipe DN 400 SA-240 ASME B36.10M-2004 Sch 40
ASME;ASME B36.10M-2004 Sch 40;Welded and Seamless Wrought Steel Pipe;450;457;14,27;155,81;Pipe DN 450 SA-240 ASME B36.10M-2004 Sch 40
ASME;ASME B36.10M-2004 Sch 40;Welded and Seamless Wrought Steel Pipe;500;508;15,09;183,43;Pipe DN 500 SA-240 ASME B36.10M-2004 Sch 40
ASME;ASME B36.10M-2004 Sch 40;Welded and Seamless Wrought Steel Pipe;600;610;17,48;255,43;Pipe DN 600 SA-240 ASME B36.10M-2004 Sch 40
ASME;ASME B36.10M-2004 Sch 40;Welded and Seamless Wrought Steel Pipe;800;813;17,48;342,94;Pipe DN 800 SA-240 ASME B36.10M-2004 Sch 40
ASME;ASME B36.10M-2004 Sch 40;Welded and Seamless Wrought Steel Pipe;850;864;17,48;364,92;Pipe DN 850 SA-240 ASME B36.10M-2004 Sch 40
ASME;ASME B36.10M-2004 Sch 40;Welded and Seamless Wrought Steel Pipe;900;914;19,05;420,45;Pipe DN 900 SA-240 ASME B36.10M-2004 Sch 40
ASME;ASME B36.10M-2004 Sch 60;Welded and Seamless Wrought Steel Pipe;200;219,1;10,31;53,09;Pipe DN 200 SA-240 ASME B36.10M-2004 Sch 60
ASME;ASME B36.10M-2004 Sch 60;Welded and Seamless Wrought Steel Pipe;250;273;12,7;81,53;Pipe DN 250 SA-240 ASME B36.10M-2004 Sch 60
ASME;ASME B36.10M-2004 Sch 60;Welded and Seamless Wrought Steel Pipe;300;323,8;14,27;108,93;Pipe DN 300 SA-240 ASME B36.10M-2004 Sch 60
ASME;ASME B36.10M-2004 Sch 60;Welded and Seamless Wrought Steel Pipe;350;355,6;15,09;126,72;Pipe DN 350 SA-240 ASME B36.10M-2004 Sch 60
ASME;ASME B36.10M-2004 Sch 60;Welded and Seamless Wrought Steel Pipe;400;406,4;16,66;160,13;Pipe DN 400 SA-240 ASME B36.10M-2004 Sch 60
ASME;ASME B36.10M-2004 Sch 60;Welded and Seamless Wrought Steel Pipe;450;457;19,05;205,75;Pipe DN 450 SA-240 ASME B36.10M-2004 Sch 60
ASME;ASME B36.10M-2004 Sch 60;Welded and Seamless Wrought Steel Pipe;500;508;20,62;247,84;Pipe DN 500 SA-240 ASME B36.10M-2004 Sch 60
ASME;ASME B36.10M-2004 Sch 60;Welded and Seamless Wrought Steel Pipe;550;559;22,23;294,27;Pipe DN 550 SA-240 ASME B36.10M-2004 Sch 60
ASME;ASME B36.10M-2004 Sch 60;Welded and Seamless Wrought Steel Pipe;600;610;24,61;355,28;Pipe DN 600 SA-240 ASME B36.10M-2004 Sch 60
ASME;ASME B36.10M-2004 Sch 80;Welded and Seamless Wrought Steel Pipe;6;10,3;2,41;0,47;Pipe DN 6 SA-240 ASME B36.10M-2004 Sch 80
ASME;ASME B36.10M-2004 Sch 80;Welded and Seamless Wrought Steel Pipe;8;13,7;3,02;0,8;Pipe DN 8 SA-240 ASME B36.10M-2004 Sch 80
ASME;ASME B36.10M-2004 Sch 80;Welded and Seamless Wrought Steel Pipe;10;17,1;3,2;1,1;Pipe DN 10 SA-240 ASME B36.10M-2004 Sch 80
ASME;ASME B36.10M-2004 Sch 80;Welded and Seamless Wrought Steel Pipe;15;21,3;3,73;1,62;Pipe DN 15 SA-240 ASME B36.10M-2004 Sch 80
ASME;ASME B36.10M-2004 Sch 80;Welded and Seamless Wrought Steel Pipe;20;26,7;3,91;2,2;Pipe DN 20 SA-240 ASME B36.10M-2004 Sch 80
ASME;ASME B36.10M-2004 Sch 80;Welded and Seamless Wrought Steel Pipe;25;33,4;4,55;3,24;Pipe DN 25 SA-240 ASME B36.10M-2004 Sch 80
ASME;ASME B36.10M-2004 Sch 80;Welded and Seamless Wrought Steel Pipe;32;42,2;4,85;4,47;Pipe DN 32 SA-240 ASME B36.10M-2004 Sch 80
ASME;ASME B36.10M-2004 Sch 80;Welded and Seamless Wrought Steel Pipe;40;48,3;5,08;5,41;Pipe DN 40 SA-240 ASME B36.10M-2004 Sch 80
ASME;ASME B36.10M-2004 Sch 80;Welded and Seamless Wrought Steel Pipe;50;60,3;5,54;7,48;Pipe DN 50 SA-240 ASME B36.10M-2004 Sch 80
ASME;ASME B36.10M-2004 Sch 80;Welded and Seamless Wrought Steel Pipe;65;73;7,01;11,41;Pipe DN 65 SA-240 ASME B36.10M-2004 Sch 80
ASME;ASME B36.10M-2004 Sch 80;Welded and Seamless Wrought Steel Pipe;80;88,9;7,62;15,27;Pipe DN 80 SA-240 ASME B36.10M-2004 Sch 80
ASME;ASME B36.10M-2004 Sch 80;Welded and Seamless Wrought Steel Pipe;90;101,6;8,08;18,64;Pipe DN 90 SA-240 ASME B36.10M-2004 Sch 80
ASME;ASME B36.10M-2004 Sch 80;Welded and Seamless Wrought Steel Pipe;100;114,3;8,56;22,32;Pipe DN 100 SA-240 ASME B36.10M-2004 Sch 80
ASME;ASME B36.10M-2004 Sch 80;Welded and Seamless Wrought Steel Pipe;125;141,3;9,53;30,97;Pipe DN 125 SA-240 ASME B36.10M-2004 Sch 80
ASME;ASME B36.10M-2004 Sch 80;Welded and Seamless Wrought Steel Pipe;150;168,3;10,97;42,56;Pipe DN 150 SA-240 ASME B36.10M-2004 Sch 80
ASME;ASME B36.10M-2004 Sch 80;Welded and Seamless Wrought Steel Pipe;200;219,1;12,7;64,64;Pipe DN 200 SA-240 ASME B36.10M-2004 Sch 80
ASME;ASME B36.10M-2004 Sch 80;Welded and Seamless Wrought Steel Pipe;250;273;15,09;95,98;Pipe DN 250 SA-240 ASME B36.10M-2004 Sch 80
ASME;ASME B36.10M-2004 Sch 80;Welded and Seamless Wrought Steel Pipe;300;323,8;17,48;132,05;Pipe DN 300 SA-240 ASME B36.10M-2004 Sch 80
ASME;ASME B36.10M-2004 Sch 80;Welded and Seamless Wrought Steel Pipe;350;355,6;19,05;158,11;Pipe DN 350 SA-240 ASME B36.10M-2004 Sch 80
ASME;ASME B36.10M-2004 Sch 80;Welded and Seamless Wrought Steel Pipe;400;406,4;21,44;203,54;Pipe DN 400 SA-240 ASME B36.10M-2004 Sch 80
ASME;ASME B36.10M-2004 Sch 80;Welded and Seamless Wrought Steel Pipe;450;457;23,83;254,57;Pipe DN 450 SA-240 ASME B36.10M-2004 Sch 80
ASME;ASME B36.10M-2004 Sch 80;Welded and Seamless Wrought Steel Pipe;500;508;26,19;311,19;Pipe DN 500 SA-240 ASME B36.10M-2004 Sch 80
ASME;ASME B36.10M-2004 Sch 80;Welded and Seamless Wrought Steel Pipe;550;559;28,58;373,85;Pipe DN 550 SA-240 ASME B36.10M-2004 Sch 80
ASME;ASME B36.10M-2004 Sch 80;Welded and Seamless Wrought Steel Pipe;600;610;30,96;442,11;Pipe DN 600 SA-240 ASME B36.10M-2004 Sch 80
ASME;ASME B36.10M-2004 Sch 100;Welded and Seamless Wrought Steel Pipe;200;219,1;15,09;75,92;Pipe DN 200 SA-240 ASME B36.10M-2004 Sch 100
ASME;ASME B36.10M-2004 Sch 100;Welded and Seamless Wrought Steel Pipe;250;273;18,26;114,71;Pipe DN 250 SA-240 ASME B36.10M-2004 Sch 100
ASME;ASME B36.10M-2004 Sch 100;Welded and Seamless Wrought Steel Pipe;300;323,8;21,44;159,87;Pipe DN 300 SA-240 ASME B36.10M-2004 Sch 100
ASME;ASME B36.10M-2004 Sch 100;Welded and Seamless Wrought Steel Pipe;350;355,6;23,83;194,98;Pipe DN 350 SA-240 ASME B36.10M-2004 Sch 100
ASME;ASME B36.10M-2004 Sch 100;Welded and Seamless Wrought Steel Pipe;400;406,4;26,19;245,57;Pipe DN 400 SA-240 ASME B36.10M-2004 Sch 100
ASME;ASME B36.10M-2004 Sch 100;Welded and Seamless Wrought Steel Pipe;450;457;29,36;309,64;Pipe DN 450 SA-240 ASME B36.10M-2004 Sch 100
ASME;ASME B36.10M-2004 Sch 100;Welded and Seamless Wrought Steel Pipe;500;508;32,54;381,55;Pipe DN 500 SA-240 ASME B36.10M-2004 Sch 100
ASME;ASME B36.10M-2004 Sch 100;Welded and Seamless Wrought Steel Pipe;550;559;34,93;451,45;Pipe DN 550 SA-240 ASME B36.10M-2004 Sch 100
ASME;ASME B36.10M-2004 Sch 100;Welded and Seamless Wrought Steel Pipe;600;610;38,89;547,74;Pipe DN 600 SA-240 ASME B36.10M-2004 Sch 100
ASME;ASME B36.10M-2004 Sch 120;Welded and Seamless Wrought Steel Pipe;100;114,3;11,13;28,32;Pipe DN 100 SA-240 ASME B36.10M-2004 Sch 120
ASME;ASME B36.10M-2004 Sch 120;Welded and Seamless Wrought Steel Pipe;125;141,3;12,7;40,28;Pipe DN 125 SA-240 ASME B36.10M-2004 Sch 120
ASME;ASME B36.10M-2004 Sch 120;Welded and Seamless Wrought Steel Pipe;150;168,3;14,27;54,21;Pipe DN 150 SA-240 ASME B36.10M-2004 Sch 120
ASME;ASME B36.10M-2004 Sch 120;Welded and Seamless Wrought Steel Pipe;200;219,1;18,26;90,44;Pipe DN 200 SA-240 ASME B36.10M-2004 Sch 120
ASME;ASME B36.10M-2004 Sch 120;Welded and Seamless Wrought Steel Pipe;250;273;21,44;133,01;Pipe DN 250 SA-240 ASME B36.10M-2004 Sch 120
ASME;ASME B36.10M-2004 Sch 120;Welded and Seamless Wrought Steel Pipe;300;323,8;25,4;186,92;Pipe DN 300 SA-240 ASME B36.10M-2004 Sch 120
ASME;ASME B36.10M-2004 Sch 120;Welded and Seamless Wrought Steel Pipe;350;355,6;27,79;224,66;Pipe DN 350 SA-240 ASME B36.10M-2004 Sch 120
ASME;ASME B36.10M-2004 Sch 120;Welded and Seamless Wrought Steel Pipe;400;406,4;30,96;286,66;Pipe DN 400 SA-240 ASME B36.10M-2004 Sch 120
ASME;ASME B36.10M-2004 Sch 120;Welded and Seamless Wrought Steel Pipe;450;457;34,93;363,58;Pipe DN 450 SA-240 ASME B36.10M-2004 Sch 120
ASME;ASME B36.10M-2004 Sch 120;Welded and Seamless Wrought Steel Pipe;500;508;38,1;441,52;Pipe DN 500 SA-240 ASME B36.10M-2004 Sch 120
ASME;ASME B36.10M-2004 Sch 120;Welded and Seamless Wrought Steel Pipe;550;559;41,28;527,05;Pipe DN 550 SA-240 ASME B36.10M-2004 Sch 120
ASME;ASME B36.10M-2004 Sch 120;Welded and Seamless Wrought Steel Pipe;600;610;46,02;640,07;Pipe DN 600 SA-240 ASME B36.10M-2004 Sch 120
ASME;ASME B36.10M-2004 Sch 140;Welded and Seamless Wrought Steel Pipe;200;219,1;20,62;100,93;Pipe DN 200 SA-240 ASME B36.10M-2004 Sch 140
ASME;ASME B36.10M-2004 Sch 140;Welded and Seamless Wrought Steel Pipe;250;273;25,4;155,1;Pipe DN 250 SA-240 ASME B36.10M-2004 Sch 140
ASME;ASME B36.10M-2004 Sch 140;Welded and Seamless Wrought Steel Pipe;300;323,8;28,58;208,08;Pipe DN 300 SA-240 ASME B36.10M-2004 Sch 140
ASME;ASME B36.10M-2004 Sch 140;Welded and Seamless Wrought Steel Pipe;350;355,6;31,75;253,58;Pipe DN 350 SA-240 ASME B36.10M-2004 Sch 140
ASME;ASME B36.10M-2004 Sch 140;Welded and Seamless Wrought Steel Pipe;400;406,4;36,53;333,21;Pipe DN 400 SA-240 ASME B36.10M-2004 Sch 140
ASME;ASME B36.10M-2004 Sch 140;Welded and Seamless Wrought Steel Pipe;450;457;39,67;408,28;Pipe DN 450 SA-240 ASME B36.10M-2004 Sch 140
ASME;ASME B36.10M-2004 Sch 140;Welded and Seamless Wrought Steel Pipe;500;508;44,45;508,15;Pipe DN 500 SA-240 ASME B36.10M-2004 Sch 140
ASME;ASME B36.10M-2004 Sch 140;Welded and Seamless Wrought Steel Pipe;550;559;47,63;600,67;Pipe DN 550 SA-240 ASME B36.10M-2004 Sch 140
ASME;ASME B36.10M-2004 Sch 140;Welded and Seamless Wrought Steel Pipe;600;610;52,37;720,19;Pipe DN 600 SA-240 ASME B36.10M-2004 Sch 140
ASME;ASME B36.10M-2004 Sch 160;Welded and Seamless Wrought Steel Pipe;15;21,3;4,78;1,95;Pipe DN 15 SA-240 ASME B36.10M-2004 Sch 160
ASME;ASME B36.10M-2004 Sch 160;Welded and Seamless Wrought Steel Pipe;20;26,7;5,56;2,9;Pipe DN 20 SA-240 ASME B36.10M-2004 Sch 160
ASME;ASME B36.10M-2004 Sch 160;Welded and Seamless Wrought Steel Pipe;25;33,4;6,35;4,24;Pipe DN 25 SA-240 ASME B36.10M-2004 Sch 160
ASME;ASME B36.10M-2004 Sch 160;Welded and Seamless Wrought Steel Pipe;32;42,2;6,35;5,61;Pipe DN 32 SA-240 ASME B36.10M-2004 Sch 160
ASME;ASME B36.10M-2004 Sch 160;Welded and Seamless Wrought Steel Pipe;40;48,3;7,14;7,25;Pipe DN 40 SA-240 ASME B36.10M-2004 Sch 160
ASME;ASME B36.10M-2004 Sch 160;Welded and Seamless Wrought Steel Pipe;50;60,3;8,74;11,11;Pipe DN 50 SA-240 ASME B36.10M-2004 Sch 160
ASME;ASME B36.10M-2004 Sch 160;Welded and Seamless Wrought Steel Pipe;65;73;9,53;14,92;Pipe DN 65 SA-240 ASME B36.10M-2004 Sch 160
ASME;ASME B36.10M-2004 Sch 160;Welded and Seamless Wrought Steel Pipe;80;88,9;11,13;21,35;Pipe DN 80 SA-240 ASME B36.10M-2004 Sch 160
ASME;ASME B36.10M-2004 Sch 160;Welded and Seamless Wrought Steel Pipe;100;114,3;13,49;33,54;Pipe DN 100 SA-240 ASME B36.10M-2004 Sch 160
ASME;ASME B36.10M-2004 Sch 160;Welded and Seamless Wrought Steel Pipe;125;141,3;15,88;49,12;Pipe DN 125 SA-240 ASME B36.10M-2004 Sch 160
ASME;ASME B36.10M-2004 Sch 160;Welded and Seamless Wrought Steel Pipe;150;168,3;18,26;67,57;Pipe DN 150 SA-240 ASME B36.10M-2004 Sch 160
ASME;ASME B36.10M-2004 Sch 160;Welded and Seamless Wrought Steel Pipe;200;219,1;23,01;111,27;Pipe DN 200 SA-240 ASME B36.10M-2004 Sch 160
ASME;ASME B36.10M-2004 Sch 160;Welded and Seamless Wrought Steel Pipe;250;273;28,58;172,27;Pipe DN 250 SA-240 ASME B36.10M-2004 Sch 160
ASME;ASME B36.10M-2004 Sch 160;Welded and Seamless Wrought Steel Pipe;300;323,8;33,32;238,69;Pipe DN 300 SA-240 ASME B36.10M-2004 Sch 160
ASME;ASME B36.10M-2004 Sch 160;Welded and Seamless Wrought Steel Pipe;350;355,6;35,71;281,72;Pipe DN 350 SA-240 ASME B36.10M-2004 Sch 160
ASME;ASME B36.10M-2004 Sch 160;Welded and Seamless Wrought Steel Pipe;400;406,4;40,49;365,38;Pipe DN 400 SA-240 ASME B36.10M-2004 Sch 160
ASME;ASME B36.10M-2004 Sch 160;Welded and Seamless Wrought Steel Pipe;450;457;45,24;459,39;Pipe DN 450 SA-240 ASME B36.10M-2004 Sch 160
ASME;ASME B36.10M-2004 Sch 160;Welded and Seamless Wrought Steel Pipe;500;508;50,01;564,85;Pipe DN 500 SA-240 ASME B36.10M-2004 Sch 160
ASME;ASME B36.10M-2004 Sch 160;Welded and Seamless Wrought Steel Pipe;550;559;53,98;672,3;Pipe DN 550 SA-240 ASME B36.10M-2004 Sch 160
ASME;ASME B36.10M-2004 Sch 160;Welded and Seamless Wrought Steel Pipe;600;610;59,54;808,27;Pipe DN 600 SA-240 ASME B36.10M-2004 Sch 160
ASME;ASME B36.10M-2004 Sch STD;Welded and Seamless Wrought Steel Pipe;6;10,3;1,73;0,37;Pipe DN 6 SA-53 ASME B36.10M-2004 Sch STD
ASME;ASME B36.10M-2004 Sch STD;Welded and Seamless Wrought Steel Pipe;8;13,7;2,24;0,63;Pipe DN 8 SA-53 ASME B36.10M-2004 Sch STD
ASME;ASME B36.10M-2004 Sch STD;Welded and Seamless Wrought Steel Pipe;10;17,1;2,31;0,84;Pipe DN 10 SA-53 ASME B36.10M-2004 Sch STD
ASME;ASME B36.10M-2004 Sch STD;Welded and Seamless Wrought Steel Pipe;15;21,3;2,77;1,27;Pipe DN 15 SA-53 ASME B36.10M-2004 Sch STD
ASME;ASME B36.10M-2004 Sch STD;Welded and Seamless Wrought Steel Pipe;20;26,7;2,87;1,69;Pipe DN 20 SA-53 ASME B36.10M-2004 Sch STD
ASME;ASME B36.10M-2004 Sch STD;Welded and Seamless Wrought Steel Pipe;25;33,4;3,38;2,5;Pipe DN 25 SA-53 ASME B36.10M-2004 Sch STD
ASME;ASME B36.10M-2004 Sch STD;Welded and Seamless Wrought Steel Pipe;32;42,2;3,56;3,39;Pipe DN 32 SA-53 ASME B36.10M-2004 Sch STD
ASME;ASME B36.10M-2004 Sch STD;Welded and Seamless Wrought Steel Pipe;40;48,3;3,68;4,05;Pipe DN 40 SA-53 ASME B36.10M-2004 Sch STD
ASME;ASME B36.10M-2004 Sch STD;Welded and Seamless Wrought Steel Pipe;50;60,3;3,91;5,44;Pipe DN 50 SA-53 ASME B36.10M-2004 Sch STD
ASME;ASME B36.10M-2004 Sch STD;Welded and Seamless Wrought Steel Pipe;65;73;5,16;8,63;Pipe DN 65 SA-53 ASME B36.10M-2004 Sch STD
ASME;ASME B36.10M-2004 Sch STD;Welded and Seamless Wrought Steel Pipe;80;88,9;5,49;11,29;Pipe DN 80 SA-53 ASME B36.10M-2004 Sch STD
ASME;ASME B36.10M-2004 Sch STD;Welded and Seamless Wrought Steel Pipe;90;101,6;5,74;13,57;Pipe DN 90 SA-53 ASME B36.10M-2004 Sch STD
ASME;ASME B36.10M-2004 Sch STD;Welded and Seamless Wrought Steel Pipe;100;114,3;6,02;16,08;Pipe DN 100 SA-53 ASME B36.10M-2004 Sch STD
ASME;ASME B36.10M-2004 Sch STD;Welded and Seamless Wrought Steel Pipe;125;141,3;6,55;21,77;Pipe DN 125 SA-53 ASME B36.10M-2004 Sch STD
ASME;ASME B36.10M-2004 Sch STD;Welded and Seamless Wrought Steel Pipe;150;168,3;7,11;28,26;Pipe DN 150 SA-53 ASME B36.10M-2004 Sch STD
ASME;ASME B36.10M-2004 Sch STD;Welded and Seamless Wrought Steel Pipe;200;219,1;8,18;42,55;Pipe DN 200 SA-53 ASME B36.10M-2004 Sch STD
ASME;ASME B36.10M-2004 Sch STD;Welded and Seamless Wrought Steel Pipe;250;273;9,27;60,29;Pipe DN 250 SA-53 ASME B36.10M-2004 Sch STD
ASME;ASME B36.10M-2004 Sch STD;Welded and Seamless Wrought Steel Pipe;300;323,8;9,53;73,86;Pipe DN 300 SA-53 ASME B36.10M-2004 Sch STD
ASME;ASME B36.10M-2004 Sch STD;Welded and Seamless Wrought Steel Pipe;350;355,6;9,53;81,33;Pipe DN 350 SA-53 ASME B36.10M-2004 Sch STD
ASME;ASME B36.10M-2004 Sch STD;Welded and Seamless Wrought Steel Pipe;400;406,4;9,53;93,27;Pipe DN 400 SA-53 ASME B36.10M-2004 Sch STD
ASME;ASME B36.10M-2004 Sch STD;Welded and Seamless Wrought Steel Pipe;450;457;9,53;105,17;Pipe DN 450 SA-53 ASME B36.10M-2004 Sch STD
ASME;ASME B36.10M-2004 Sch STD;Welded and Seamless Wrought Steel Pipe;500;508;9,53;117,15;Pipe DN 500 SA-53 ASME B36.10M-2004 Sch STD
ASME;ASME B36.10M-2004 Sch STD;Welded and Seamless Wrought Steel Pipe;550;559;9,53;129,14;Pipe DN 550 SA-53 ASME B36.10M-2004 Sch STD
ASME;ASME B36.10M-2004 Sch STD;Welded and Seamless Wrought Steel Pipe;600;610;9,53;141,12;Pipe DN 600 SA-53 ASME B36.10M-2004 Sch STD
ASME;ASME B36.10M-2004 Sch STD;Welded and Seamless Wrought Steel Pipe;650;660;9,53;152,88;Pipe DN 650 SA-53 ASME B36.10M-2004 Sch STD
ASME;ASME B36.10M-2004 Sch STD;Welded and Seamless Wrought Steel Pipe;700;711;9,53;164,86;Pipe DN 700 SA-53 ASME B36.10M-2004 Sch STD
ASME;ASME B36.10M-2004 Sch STD;Welded and Seamless Wrought Steel Pipe;750;762;9,53;176,85;Pipe DN 750 SA-53 ASME B36.10M-2004 Sch STD
ASME;ASME B36.10M-2004 Sch STD;Welded and Seamless Wrought Steel Pipe;800;813;9,53;188,83;Pipe DN 800 SA-53 ASME B36.10M-2004 Sch STD
ASME;ASME B36.10M-2004 Sch STD;Welded and Seamless Wrought Steel Pipe;850;864;9,53;200,82;Pipe DN 850 SA-53 ASME B36.10M-2004 Sch STD
ASME;ASME B36.10M-2004 Sch STD;Welded and Seamless Wrought Steel Pipe;900;914;9,53;212,57;Pipe DN 900 SA-53 ASME B36.10M-2004 Sch STD
ASME;ASME B36.10M-2004 Sch STD;Welded and Seamless Wrought Steel Pipe;950;965;9,53;224,56;Pipe DN 950 SA-53 ASME B36.10M-2004 Sch STD
ASME;ASME B36.10M-2004 Sch STD;Welded and Seamless Wrought Steel Pipe;1000;1016;9,53;236,54;Pipe DN 1000 SA-53 ASME B36.10M-2004 Sch STD
ASME;ASME B36.10M-2004 Sch STD;Welded and Seamless Wrought Steel Pipe;1050;1067;9,53;248,53;Pipe DN 1050 SA-53 ASME B36.10M-2004 Sch STD
ASME;ASME B36.10M-2004 Sch STD;Welded and Seamless Wrought Steel Pipe;1100;1118;9,53;260,52;Pipe DN 1100 SA-53 ASME B36.10M-2004 Sch STD
ASME;ASME B36.10M-2004 Sch STD;Welded and Seamless Wrought Steel Pipe;1150;1168;9,53;272,27;Pipe DN 1150 SA-53 ASME B36.10M-2004 Sch STD
ASME;ASME B36.10M-2004 Sch STD;Welded and Seamless Wrought Steel Pipe;1200;1219;9,53;284,25;Pipe DN 1200 SA-53 ASME B36.10M-2004 Sch STD
ASME;ASME B36.10M-2004 Sch XS;Welded and Seamless Wrought Steel Pipe;6;10,3;2,41;0,47;Pipe DN 6 SA-53 ASME B36.10M-2004 Sch XS
ASME;ASME B36.10M-2004 Sch XS;Welded and Seamless Wrought Steel Pipe;8;13,7;3,02;0,8;Pipe DN 8 SA-53 ASME B36.10M-2004 Sch XS
ASME;ASME B36.10M-2004 Sch XS;Welded and Seamless Wrought Steel Pipe;10;17,1;3,2;1,1;Pipe DN 10 SA-53 ASME B36.10M-2004 Sch XS
ASME;ASME B36.10M-2004 Sch XS;Welded and Seamless Wrought Steel Pipe;15;21,3;3,73;1,62;Pipe DN 15 SA-53 ASME B36.10M-2004 Sch XS
ASME;ASME B36.10M-2004 Sch XS;Welded and Seamless Wrought Steel Pipe;20;26,7;3,91;2,2;Pipe DN 20 SA-53 ASME B36.10M-2004 Sch XS
ASME;ASME B36.10M-2004 Sch XS;Welded and Seamless Wrought Steel Pipe;25;33,4;4,55;3,24;Pipe DN 25 SA-53 ASME B36.10M-2004 Sch XS
ASME;ASME B36.10M-2004 Sch XS;Welded and Seamless Wrought Steel Pipe;32;42,2;4,85;4,47;Pipe DN 32 SA-53 ASME B36.10M-2004 Sch XS
ASME;ASME B36.10M-2004 Sch XS;Welded and Seamless Wrought Steel Pipe;40;48,3;5,08;5,41;Pipe DN 40 SA-53 ASME B36.10M-2004 Sch XS
ASME;ASME B36.10M-2004 Sch XS;Welded and Seamless Wrought Steel Pipe;50;60,3;5,54;7,48;Pipe DN 50 SA-53 ASME B36.10M-2004 Sch XS
ASME;ASME B36.10M-2004 Sch XS;Welded and Seamless Wrought Steel Pipe;65;73;7,01;11,41;Pipe DN 65 SA-53 ASME B36.10M-2004 Sch XS
ASME;ASME B36.10M-2004 Sch XS;Welded and Seamless Wrought Steel Pipe;80;88,9;7,62;15,27;Pipe DN 80 SA-53 ASME B36.10M-2004 Sch XS
ASME;ASME B36.10M-2004 Sch XS;Welded and Seamless Wrought Steel Pipe;90;101,6;8,08;18,64;Pipe DN 90 SA-53 ASME B36.10M-2004 Sch XS
ASME;ASME B36.10M-2004 Sch XS;Welded and Seamless Wrought Steel Pipe;100;114,3;8,56;22,32;Pipe DN 100 SA-53 ASME B36.10M-2004 Sch XS
ASME;ASME B36.10M-2004 Sch XS;Welded and Seamless Wrought Steel Pipe;125;141,3;9,53;30,97;Pipe DN 125 SA-53 ASME B36.10M-2004 Sch XS
ASME;ASME B36.10M-2004 Sch XS;Welded and Seamless Wrought Steel Pipe;150;168,3;10,97;42,56;Pipe DN 150 SA-53 ASME B36.10M-2004 Sch XS
ASME;ASME B36.10M-2004 Sch XS;Welded and Seamless Wrought Steel Pipe;200;219,1;12,7;64,64;Pipe DN 200 SA-53 ASME B36.10M-2004 Sch XS
ASME;ASME B36.10M-2004 Sch XS;Welded and Seamless Wrought Steel Pipe;250;273;12,7;81,53;Pipe DN 250 SA-53 ASME B36.10M-2004 Sch XS
ASME;ASME B36.10M-2004 Sch XS;Welded and Seamless Wrought Steel Pipe;300;323,8;12,7;97,44;Pipe DN 300 SA-53 ASME B36.10M-2004 Sch XS
ASME;ASME B36.10M-2004 Sch XS;Welded and Seamless Wrought Steel Pipe;350;355,6;12,7;107,4;Pipe DN 350 SA-53 ASME B36.10M-2004 Sch XS
ASME;ASME B36.10M-2004 Sch XS;Welded and Seamless Wrought Steel Pipe;400;406,4;12,7;123,31;Pipe DN 400 SA-53 ASME B36.10M-2004 Sch XS
ASME;ASME B36.10M-2004 Sch XS;Welded and Seamless Wrought Steel Pipe;450;457;12,7;139,16;Pipe DN 450 SA-53 ASME B36.10M-2004 Sch XS
ASME;ASME B36.10M-2004 Sch XS;Welded and Seamless Wrought Steel Pipe;500;508;12,7;155,13;Pipe DN 500 SA-53 ASME B36.10M-2004 Sch XS
ASME;ASME B36.10M-2004 Sch XS;Welded and Seamless Wrought Steel Pipe;550;559;12,7;171,1;Pipe DN 550 SA-53 ASME B36.10M-2004 Sch XS
ASME;ASME B36.10M-2004 Sch XS;Welded and Seamless Wrought Steel Pipe;600;610;12,7;187,07;Pipe DN 600 SA-53 ASME B36.10M-2004 Sch XS
ASME;ASME B36.10M-2004 Sch XS;Welded and Seamless Wrought Steel Pipe;650;660;12,7;202,74;Pipe DN 650 SA-53 ASME B36.10M-2004 Sch XS
ASME;ASME B36.10M-2004 Sch XS;Welded and Seamless Wrought Steel Pipe;700;711;12,7;218,71;Pipe DN 700 SA-53 ASME B36.10M-2004 Sch XS
ASME;ASME B36.10M-2004 Sch XS;Welded and Seamless Wrought Steel Pipe;750;762;12,7;234,68;Pipe DN 750 SA-53 ASME B36.10M-2004 Sch XS
ASME;ASME B36.10M-2004 Sch XS;Welded and Seamless Wrought Steel Pipe;800;813;12,7;250,65;Pipe DN 800 SA-53 ASME B36.10M-2004 Sch XS
ASME;ASME B36.10M-2004 Sch XS;Welded and Seamless Wrought Steel Pipe;850;864;12,7;266,63;Pipe DN 850 SA-53 ASME B36.10M-2004 Sch XS
ASME;ASME B36.10M-2004 Sch XS;Welded and Seamless Wrought Steel Pipe;900;914;12,7;282,29;Pipe DN 900 SA-53 ASME B36.10M-2004 Sch XS
ASME;ASME B36.10M-2004 Sch XS;Welded and Seamless Wrought Steel Pipe;950;965;12,7;298,26;Pipe DN 950 SA-53 ASME B36.10M-2004 Sch XS
ASME;ASME B36.10M-2004 Sch XS;Welded and Seamless Wrought Steel Pipe;1000;1016;12,7;314,23;Pipe DN 1000 SA-53 ASME B36.10M-2004 Sch XS
ASME;ASME B36.10M-2004 Sch XS;Welded and Seamless Wrought Steel Pipe;1050;1067;12,7;330,21;Pipe DN 1050 SA-53 ASME B36.10M-2004 Sch XS
ASME;ASME B36.10M-2004 Sch XS;Welded and Seamless Wrought Steel Pipe;1100;1118;12,7;346,18;Pipe DN 1100 SA-53 ASME B36.10M-2004 Sch XS
ASME;ASME B36.10M-2004 Sch XS;Welded and Seamless Wrought Steel Pipe;1150;1168;12,7;361,84;Pipe DN 1150 SA-53 ASME B36.10M-2004 Sch XS
ASME;ASME B36.10M-2004 Sch XS;Welded and Seamless Wrought Steel Pipe;1200;1219;12,7;377,81;Pipe DN 1200 SA-53 ASME B36.10M-2004 Sch XS
ASME;ASME B36.10M-2004 Sch XXS;Welded and Seamless Wrought Steel Pipe;15;21,3;7,47;2,55;Pipe DN 15 SA-53 ASME B36.10M-2004 Sch XXS
ASME;ASME B36.10M-2004 Sch XXS;Welded and Seamless Wrought Steel Pipe;20;26,7;7,82;3,64;Pipe DN 20 SA-53 ASME B36.10M-2004 Sch XXS
ASME;ASME B36.10M-2004 Sch XXS;Welded and Seamless Wrought Steel Pipe;25;33,4;9,09;5,45;Pipe DN 25 SA-53 ASME B36.10M-2004 Sch XXS
ASME;ASME B36.10M-2004 Sch XXS;Welded and Seamless Wrought Steel Pipe;32;42,2;9,7;7,77;Pipe DN 32 SA-53 ASME B36.10M-2004 Sch XXS
ASME;ASME B36.10M-2004 Sch XXS;Welded and Seamless Wrought Steel Pipe;40;48,3;10,15;9,55;Pipe DN 40 SA-53 ASME B36.10M-2004 Sch XXS
ASME;ASME B36.10M-2004 Sch XXS;Welded and Seamless Wrought Steel Pipe;50;60,3;11,07;13,44;Pipe DN 50 SA-53 ASME B36.10M-2004 Sch XXS
ASME;ASME B36.10M-2004 Sch XXS;Welded and Seamless Wrought Steel Pipe;65;73;14,02;20,39;Pipe DN 65 SA-53 ASME B36.10M-2004 Sch XXS
ASME;ASME B36.10M-2004 Sch XXS;Welded and Seamless Wrought Steel Pipe;80;88,9;15,24;27,68;Pipe DN 80 SA-53 ASME B36.10M-2004 Sch XXS
ASME;ASME B36.10M-2004 Sch XXS;Welded and Seamless Wrought Steel Pipe;100;114,3;17,12;41,03;Pipe DN 100 SA-53 ASME B36.10M-2004 Sch XXS
ASME;ASME B36.10M-2004 Sch XXS;Welded and Seamless Wrought Steel Pipe;125;141,3;19,05;57,43;Pipe DN 125 SA-53 ASME B36.10M-2004 Sch XXS
ASME;ASME B36.10M-2004 Sch XXS;Welded and Seamless Wrought Steel Pipe;150;168,3;21,95;79,22;Pipe DN 150 SA-53 ASME B36.10M-2004 Sch XXS
ASME;ASME B36.10M-2004 Sch XXS;Welded and Seamless Wrought Steel Pipe;200;219,1;22,23;107,93;Pipe DN 200 SA-53 ASME B36.10M-2004 Sch XXS
ASME;ASME B36.10M-2004 Sch XXS;Welded and Seamless Wrought Steel Pipe;250;273;25,4;155,1;Pipe DN 250 SA-53 ASME B36.10M-2004 Sch XXS
ASME;ASME B36.10M-2004 Sch XXS;Welded and Seamless Wrought Steel Pipe;300;323,8;25,4;186,92;Pipe DN 300 SA-53 ASME B36.10M-2004 Sch XXS
Воздуховоды;Воздуховоды круглые;Воздуховоды круглые из оцинкованной стали;100;100;0.5;1.38;Воздуховод из оцинкованной стали Ø100х0.5(S=0.314 кв.м/п.м.)
Воздуховоды;Воздуховоды круглые;Воздуховоды круглые из оцинкованной стали;125;125;0.5;1.73;Воздуховод из оцинкованной стали Ø125х0.5(S=0.393 кв.м/п.м.)
Воздуховоды;Воздуховоды круглые;Воздуховоды круглые из оцинкованной стали;140;140;0.5;1.93;Воздуховод из оцинкованной стали Ø140х0.5(S=0.440 кв.м/п.м.)
Воздуховоды;Воздуховоды круглые;Воздуховоды круглые из оцинкованной стали;160;160;0.5;2.21;Воздуховод из оцинкованной стали Ø160х0.5(S=0.502 кв.м/п.м.)
Воздуховоды;Воздуховоды круглые;Воздуховоды круглые из оцинкованной стали;180;180;0.5;2.48;Воздуховод из оцинкованной стали Ø180х0.5(S=0.565 кв.м/п.м.)
Воздуховоды;Воздуховоды круглые;Воздуховоды круглые из оцинкованной стали;200;200;0.5;2.75;Воздуховод из оцинкованной стали Ø200х0.5(S=0.628 кв.м/п.м.)
Воздуховоды;Воздуховоды круглые;Воздуховоды круглые из оцинкованной стали;225;225;0.5;3.27;Воздуховод из оцинкованной стали Ø225х0.5(S=0.706 кв.м/п.м.)
Воздуховоды;Воздуховоды круглые;Воздуховоды круглые из оцинкованной стали;250;250;0.5;3.80;Воздуховод из оцинкованной стали Ø250х0.5(S=0.785 кв.м/п.м.)
Воздуховоды;Воздуховоды круглые;Воздуховоды круглые из оцинкованной стали;280;280;0.5;4.26;Воздуховод из оцинкованной стали Ø280х0.5(S=0.879 кв.м/п.м.)
Воздуховоды;Воздуховоды круглые;Воздуховоды круглые из оцинкованной стали;315;315;0.5;4.76;Воздуховод из оцинкованной стали Ø315х0.5(S=0.989 кв.м/п.м.)
Воздуховоды;Воздуховоды круглые;Воздуховоды круглые из оцинкованной стали;355;355;0.5;5.36;Воздуховод из оцинкованной стали Ø355х0.5(S=1.115 кв.м/п.м.)
Воздуховоды;Воздуховоды круглые;Воздуховоды круглые из оцинкованной стали;400;400;0.7;7.03;Воздуховод из оцинкованной стали Ø400х0.7(S=1.256 кв.м/п.м.)
Воздуховоды;Воздуховоды круглые;Воздуховоды круглые из оцинкованной стали;450;450;0.7;7.91;Воздуховод из оцинкованной стали Ø450х0.7(S=1.413 кв.м/п.м.)
Воздуховоды;Воздуховоды круглые;Воздуховоды круглые из оцинкованной стали;500;500;0.7;8.80;Воздуховод из оцинкованной стали Ø500х0.7(S=1.570 кв.м/п.м.)
Воздуховоды;Воздуховоды круглые;Воздуховоды круглые из оцинкованной стали;560;560;0.7;9.86;Воздуховод из оцинкованной стали Ø560х0.7(S=1.774 кв.м/п.м.)
Воздуховоды;Воздуховоды круглые;Воздуховоды круглые из оцинкованной стали;630;630;0.7;11.10;Воздуховод из оцинкованной стали Ø630х0.7(S=1.978 кв.м/п.м.)
Воздуховоды;Воздуховоды круглые;Воздуховоды круглые из оцинкованной стали;710;710;0.7;12.51;Воздуховод из оцинкованной стали Ø710х0.7(S=2.256 кв.м/п.м.)
Воздуховоды;Воздуховоды круглые;Воздуховоды круглые из оцинкованной стали;800;800;0.7;14.10;Воздуховод из оцинкованной стали Ø800х0.7(S=2.512 кв.м/п.м.)
Воздуховоды;Воздуховоды круглые;Воздуховоды круглые из оцинкованной стали;900;900;1.0;22.68;Воздуховод из оцинкованной стали Ø900х1.0(S=2.826 кв.м/п.м.)
Воздуховоды;Воздуховоды круглые;Воздуховоды круглые из оцинкованной стали;1000;1000;1.0;25.20;Воздуховод из оцинкованной стали Ø1000х1.0(S=3.140 кв.м/п.м.)
Воздуховоды;Воздуховоды круглые;Воздуховоды круглые из оцинкованной стали;1125;1125;1.0;28.30;Воздуховод из оцинкованной стали Ø1125х1.0(S=3.530 кв.м/п.м.)
Воздуховоды;Воздуховоды круглые;Воздуховоды круглые из оцинкованной стали;1250;1250;1.0;31.40;Воздуховод из оцинкованной стали Ø1250х1.0(S=3.920 кв.м/п.м.)